date,xlk_vs_spy,xly_vs_spy,xlu_vs_spy
2021-05-10,32.425707039287936,41.742833899602815,15.961621285351962
2021-05-11,32.618719972960584,41.64312788199223,15.907389971270614
2021-05-12,32.38943291976024,41.10653412594657,15.872820108038773
2021-05-13,32.42907282831238,40.906210392902416,15.986643268012092
2021-05-14,32.641989533823036,40.98612511402372,15.821690911709634
2021-05-17,32.484597612629955,41.01607624181749,15.732094724682327
2021-05-18,32.504733699082394,41.04966742729523,15.866388308977037
2021-05-19,32.70457090006328,40.81195541060215,15.881322104853234
2021-05-20,32.97534193796957,40.79175496050858,15.84954729339241
2021-05-21,32.82161276329108,40.62033065021449,15.944473899840942
2021-05-24,33.06772908366534,40.60882219624496,15.754944294677578
2021-05-25,33.15082249426167,40.828232593726085,15.598699311400152
2021-05-26,33.08277853341923,41.13632567351516,15.57019113751879
2021-05-27,32.891316272746785,41.27930549261848,15.4570822104033
2021-05-28,32.94924292924483,41.14846205123322,15.512808303971049
2021-06-01,32.81626039507232,41.10610717945052,15.43117211142088
2021-06-02,32.99074536673566,40.85123593367116,15.487830989936477
2021-06-03,32.805597344604436,40.51627384960718,15.638656064187979
2021-06-04,33.132986275437766,40.470894462849024,15.473260766682442
2021-06-07,33.15805679907151,40.51019683081078,15.516710485800234
2021-06-08,33.153357961542106,40.828360329639104,15.380789997158285
2021-06-09,33.22660974742085,40.66405786789992,15.54132574410056
2021-06-10,33.316021812516226,40.66712306130639,15.570926087674982
2021-06-11,33.45902759774693,40.82156913577337,15.58058966321793
2021-06-14,33.72289893241781,40.742134223768986,15.57870479236232
2021-06-15,33.577553712777984,40.60026385224274,15.654447794949114
2021-06-16,33.58366302622539,40.847172537964035,15.505436971405558
2021-06-17,33.98345853970661,41.014764082754695,15.59589544280399
2021-06-18,34.24515569266365,41.492335871975314,15.448761206979656
2021-06-21,34.06120800266122,41.16095613743287,15.309128926483867
2021-06-22,34.18732717260287,41.327314409964316,15.13554394838222
2021-06-23,34.19072408897302,41.69663984855656,14.992901088499764
2021-06-24,34.20371677252411,41.59256645495177,14.890613973182779
2021-06-25,34.04280255971496,41.70788307822132,14.99730432948126
2021-06-28,34.32989449552015,41.633330993987876,15.063045359908298
2021-06-29,34.5616086041618,41.71381809679682,14.811783960720131
2021-06-30,34.495164229313644,41.71144232116993,14.77129374386768
2021-07-01,34.363311107497154,41.71642311177195,14.850266013056713
2021-07-02,34.552245688462605,41.76427188047588,14.760675089919761
2021-07-06,34.74695678285173,41.888988982052524,14.849975746656504
2021-07-07,34.81333149196704,41.718455093679516,14.8943516088938
2021-07-08,34.767474241158446,41.95674371112968,14.972616727002691
2021-07-09,34.71711976487876,41.90163482733284,14.83284349742836
2021-07-12,34.620664409261465,42.038070833714656,14.82794911686648
2021-07-13,34.88142519341583,41.67680617094056,14.766179205215913
2021-07-14,35.08619108747478,41.5390610673024,14.872547221712818
2021-07-15,34.91661874640598,41.45600920069005,15.091431857389303
2021-07-16,34.84490193350953,41.26906848425836,15.363750173876756
2021-07-19,34.880109184177705,41.40762877379579,15.346965668164811
2021-07-20,34.89769405651186,41.57657866654294,15.195100450053356
2021-07-21,34.95109883787826,41.62236796686227,14.907375445863538
2021-07-22,35.13525926606347,41.71450879529693,14.899187066550315
2021-07-23,35.12297131427013,41.65795335727599,14.936127653770967
2021-07-26,35.0188200081629,41.864314543558116,14.904085982495127
2021-07-27,34.846586638117586,41.63003120657844,15.2297214186465
2021-07-28,34.81758311874758,41.512658660529134,15.119750244969577
2021-07-29,34.834902984227845,41.806422330647905,15.098150459548396
2021-07-30,34.982098469818254,41.146154021573054,15.044126701785594
2021-08-02,34.929957265933865,41.35149340707054,15.192303297607351
2021-08-03,34.87022554686615,41.321545959424235,15.155842683894369
2021-08-04,35.113217003052526,41.12260239646453,15.207982140416421
2021-08-05,35.08466135458168,41.25543281419775,15.277526258601956
2021-08-06,34.997401071210646,40.907139144387436,15.243282334064048
2021-08-09,34.912808450003396,40.88390292447922,15.251170470223691
2021-08-10,34.61868618415108,40.993494171862295,15.248034697750068
2021-08-11,34.53738338816531,41.01131191130741,15.35220154130425
2021-08-12,34.631888746601966,40.90674215362495,15.322055222304598
2021-08-13,34.75735557947614,40.71582346609257,15.401865805525656
2021-08-16,34.83231536792179,40.432243774749985,15.459650535830145
2021-08-17,34.771642194396904,39.73290694532024,15.570669309071256
2021-08-18,34.67143312537001,40.31604353568013,15.66328157019901
2021-08-19,34.95657709271131,39.99681716909926,15.702723593870774
2021-08-20,35.127210393359796,40.06225189462288,15.772735474557923
2021-08-23,35.27031256986988,40.224925099494705,15.433975763537989
2021-08-24,35.17423041721543,40.444672634328185,15.309060874612138
2021-08-25,35.08052839099151,40.515916330667615,15.305963333407584
2021-08-26,35.067001299690766,40.380047505938236,15.35875946757496
2021-08-27,35.09161576901722,40.38645197112715,15.21821210438645
2021-08-30,35.31388895031289,40.51257103686177,15.173694801317913
2021-08-31,35.18026397377979,40.670121357073256,15.178492337673843
2021-09-01,35.17042939353696,40.64630367419212,15.36963258078796
2021-09-02,35.02504468324544,40.5194289370904,15.46150621152276
2021-09-03,35.1725964509579,40.504988081575,15.337247285247638
2021-09-07,35.30766845346211,40.76994639613698,15.188499534842508
2021-09-08,35.21545319465081,40.866248253531744,15.479807500388102
2021-09-09,35.233195242549776,40.98846273776115,15.461713216624348
2021-09-10,35.1629849137931,41.06052442528736,15.366828304597702
2021-09-13,35.084419364951415,41.056473644139906,15.300729992386582
2021-09-14,35.22975437332552,41.141905126415566,15.331967489925027
2021-09-15,35.243815307671696,41.06457086719657,15.184870947575243
2021-09-16,35.31990070890265,41.31761969720687,15.081512623834334
2021-09-17,35.2242863615768,41.71046669687359,15.043044857272317
2021-09-20,35.107363376647314,41.38789051700304,15.155285227168003
2021-09-21,35.15439429928741,41.48928810276042,15.128104605308673
2021-09-22,35.292102498515504,41.648015347371306,14.972822363312474
2021-09-23,35.33552958165982,41.56550385847737,14.714111647637527
2021-09-24,35.302200896578135,41.652587236151476,14.674145660156338
2021-09-27,35.06009398156515,41.99575275619013,14.542291704319538
2021-09-28,34.7205570414092,42.03403117218482,14.654615881213687
2021-09-29,34.6184831396018,42.00483369777881,14.82103809414202
2021-09-30,34.79517173882649,41.816190520576036,14.885585123735845
2021-10-01,34.90466101694915,41.63596168017686,14.710759027266029
2021-10-04,34.54180664427025,41.8463045912654,15.108249346771185
2021-10-05,34.67328561533133,41.58162087277765,14.915723851304547
2021-10-06,34.75511611864797,41.54058404230857,15.083927339618302
2021-10-07,34.77180504262983,41.82510372498062,14.874846122281493
2021-10-08,34.705156899465585,41.70967889279678,14.792399397067554
2021-10-11,34.765004946053516,41.84361268950286,14.697830637925879
2021-10-12,34.67091001337577,42.27895392278954,14.83326414833264
2021-10-13,34.7580311595202,42.3342065352268,14.952433475803115
2021-10-14,34.95367231638418,42.07005649717514,14.88587570621469
2021-10-15,34.967591450422766,42.39127996949784,14.730751115796084
2021-10-18,35.15955186833337,42.782709810147814,14.546389677765603
2021-10-19,35.23655245872537,42.33534528670336,14.616989170956863
2021-10-20,35.0014367498508,42.138767931743324,14.789681925686876
2021-10-21,35.04486430476862,42.646442822813555,14.751207037192179
2021-10-22,34.95983403954802,42.53840042372881,14.841543079096045
2021-10-25,34.88749862803205,43.36077269234991,14.698715837998023
2021-10-26,34.9548205982981,43.32836213702957,14.764453022194928
2021-10-27,35.07952592853682,43.61809930827863,14.731021720932283
2021-10-28,35.09338453482283,43.7750916390295,14.686245418048527
2021-10-29,35.17256396298312,43.799673380511706,14.569406641262928
2021-11-01,35.059994783062336,44.52656290757325,14.596556821145986
2021-11-02,35.22623944576749,44.048495345312844,14.550768564624377
2021-11-03,35.21690480289206,44.5687725942503,14.40867619211568
2021-11-04,35.60000856696151,44.95727227945428,14.261849178642565
2021-11-05,35.66046998057756,45.089962222269655,14.347000192090153
2021-11-08,35.82197769389887,44.41387840402619,14.12151067323481
2021-11-09,35.79314476443151,43.7374299285378,14.24108862167829
2021-11-10,35.48811526681334,43.92821707432811,14.473059833484317
2021-11-11,35.64266770166247,43.795415831123194,14.379972831360371
2021-11-12,35.80585100691249,43.612900464399594,14.263701928221373
2021-11-15,35.75722568085061,43.561602806837385,14.447082985687695
2021-11-16,35.991305830207985,44.07390044323219,14.321939993181044
2021-11-17,35.970008971675135,44.46319477079506,14.369633015764515
2021-11-18,36.20590552019245,44.815106550571606,14.246482021586868
2021-11-19,36.53522148051782,45.089466612638354,14.353046556761715
2021-11-22,36.22986932437924,45.1034069764955,14.481254143764568
2021-11-23,36.098592451782395,44.71688844272625,14.477028556782503
2021-11-24,36.26448534423995,44.68941717791411,14.447000681663258
2021-11-26,36.16576246813517,44.4626010414624,14.545613003028521
2021-11-29,36.62074903142488,44.60611278519156,14.582436504520016
2021-11-30,37.03573623671964,44.876635349899026,14.437176222670997
2021-12-01,36.938956714761375,44.561598224195336,14.625971143174251
2021-12-02,36.71622212505466,44.5146480104941,14.588981198076084
2021-12-03,36.418772881654974,44.03202328966521,14.86480525781836
2021-12-06,36.33470651060398,44.013600993918786,14.915320734976786
2021-12-07,36.84120611599898,44.12744511830529,14.721961219783037
2021-12-08,36.912165615948204,44.12165615948203,14.668171749872212
2021-12-09,36.76208856009435,43.65176369679425,14.748579393159645
2021-12-10,37.15001911883418,43.54633130815312,14.68963759187662
2021-12-13,36.92479156396683,42.80386651520672,15.00310778661294
2021-12-14,36.569837707182316,42.850051795580114,15.016401933701657
2021-12-15,36.96132596685083,42.72630684232894,15.027624309392266
2021-12-16,36.23325115232072,42.154571765462535,15.238503590952943
2021-12-17,36.50596907821775,42.466349185639416,15.223867614760694
2021-12-20,36.39061057628906,42.16668864565475,15.281990417161193
2021-12-21,36.66047596423789,42.5042111173498,14.993737312659269
2021-12-22,36.77222091556372,42.85103380444311,14.909448566358058
2021-12-23,36.74883127921802,43.17679558011049,14.815129621759453
2021-12-27,37.01336797552697,42.98914637723673,14.67962955202615
2021-12-28,36.85071403107764,43.043177385870365,14.823746513724915
2021-12-29,36.83505068275111,43.07405545782022,14.884393063583811
2021-12-30,36.69354838709677,43.03805443548387,14.980258736559138
2021-12-31,36.607293245747016,43.04362472629274,15.070742799393633
2022-01-03,36.741956417073126,44.02461744573068,14.835360365075049
2022-01-04,36.36477855721913,43.7713328447283,14.794262380902524
2022-01-05,35.93663264870404,43.42414279004227,15.075366155685554
2022-01-06,35.78877633884686,43.351711757917684,14.93353848784032
2022-01-07,35.600420519642135,42.798601128537406,15.106524490978138
2022-01-10,35.65122124121931,42.58984769392709,15.026530042319179
2022-01-11,35.753060138371474,42.612027674294836,14.756785524215008
2022-01-12,35.82438113031294,42.77737675682561,14.763704301303557
2022-01-13,35.38415172324715,42.50317525240566,15.043161905581986
2022-01-14,35.6687898089172,42.287829230504386,14.933723532449648
2022-01-18,35.439987732480446,42.23531731253697,15.02113956494118
2022-01-19,35.31156613171002,41.90813503043719,15.247371333702267
2022-01-20,35.24566312255176,41.60492445439284,15.438164521544486
2022-01-21,35.23676880222841,41.19366181104159,15.717612676377918
2022-01-24,35.26964350672972,41.512822844670794,15.501091305929432
2022-01-25,34.87927820102654,41.31470527309135,15.446405965889474
2022-01-26,35.172366052886616,41.21786884489362,15.358346024274312
2022-01-27,35.10342268806233,40.41832854095168,15.571375568129117
2022-01-28,35.75065052607761,40.298676320850774,15.37730512501414
2022-01-31,36.000533440021336,41.108221644328864,15.391967282345357
2022-02-01,35.85163925378077,41.07958935864885,15.085550281488022
2022-02-02,35.795342735323054,40.44167486607631,15.161255056302615
2022-02-03,35.59337214509628,40.14778325123153,15.456784594715629
2022-02-04,35.569422776911075,41.09650100289726,15.261867617561848
2022-02-07,35.44694361221661,41.143853686893536,15.28864642489827
2022-02-08,35.59231826850579,41.38244555816738,15.174967844946114
2022-02-09,35.85697425361717,41.3253486034008,15.021637452463175
2022-02-10,35.558176800498536,41.35582658239117,14.909196118579185
2022-02-11,35.1655087862689,40.97534395858875,15.218180992598649
2022-02-14,35.26946380574917,41.344357888023325,15.138262493736049
2022-02-15,35.62205783456624,41.598296346110736,14.828513786146605
2022-02-16,35.546350201522614,41.67039856695029,14.845499328257947
2022-02-17,35.235436782135174,41.44053448039171,15.178694000823686
2022-02-18,35.10581949658015,41.452686364369114,15.249982728047348
2022-02-22,35.15841422818167,40.68021509881975,15.399120050282841
2022-02-23,34.89749970375637,40.030809337599244,15.411778646759094
2022-02-24,35.55451786131216,40.33854774690638,15.304692972215737
2022-02-25,35.259851513420905,40.24900057110223,15.438035408338092
2022-02-28,35.28616906763163,40.636236630556766,15.557794929345214
2022-03-01,35.115586771477744,40.63909949299968,15.661193543885762
2022-03-02,35.228025303158326,40.74310899997716,15.56555299276074
2022-03-03,34.981983429345206,40.019737899061305,15.91884510339446
2022-03-04,34.65071615336557,39.70659694101858,16.40326723280191
2022-03-07,34.39668121021386,38.907565028729465,17.12085449300241
2022-03-08,34.49129129129129,39.28648648648649,16.984984984984987
2022-03-09,34.919632203270865,39.49135490512622,16.424510423247
2022-03-10,34.46460468177117,39.952524207953374,16.609476356115447
2022-03-11,34.294284285952344,39.68862332468398,16.766253243507037
2022-03-14,33.906474820143885,39.31414868105516,16.8705035971223
2022-03-15,34.291479925851185,39.75643522537954,16.71868033883192
2022-03-16,34.63798723658234,40.22083467242092,16.3261558238832
2022-03-17,34.45258122293514,40.385879792323216,16.192441109121003
2022-03-18,34.884819580671284,40.91604427247368,15.929541977863765
2022-03-21,34.764508652309914,40.52296406309773,15.93420193973762
2022-03-22,34.85620231766721,41.04851086545519,15.772147957027514
2022-03-23,34.767913474538084,41.068048670572324,16.000450653447498
2022-03-24,35.14173455570601,40.77338009722746,15.924881795378365
2022-03-25,34.95107026883739,40.50453953036294,16.077227241600212
2022-03-28,35.116580026759664,41.29104428505626,16.066767563773553
2022-03-29,35.42411439714007,41.497129238435704,16.017766222511103
2022-03-30,35.168955744495314,41.120558098975366,16.25027250926532
2022-03-31,35.189531485253745,40.96182800460544,16.48658223363741
2022-04-01,34.98631104830876,40.89684712532014,16.66961052724543
2022-04-04,35.34807355516637,41.46015761821366,16.40105078809107
2022-04-05,35.04644923840986,41.00614149834823,16.715074385295882
2022-04-06,34.56284153005465,40.36325360566156,17.21983337812416
2022-04-07,34.44303317957974,40.365888985449125,17.09116028255008
2022-04-08,34.052773867774874,40.1009897893067,17.19507563062761
2022-04-11,33.77204946353882,40.04137115839244,17.25541007455901
2022-04-12,33.74706244723813,40.27926715188573,17.385749161514067
2022-04-13,33.90178430443707,40.813426270555595,17.15503823509508
2022-04-14,33.49551154663194,40.75013134151077,17.380479225199295
2022-04-18,33.59134187273101,40.8566796812567,17.27972235541247
2022-04-19,33.67787165198634,41.37380909581161,17.11531547726047
2022-04-20,33.67138134964359,40.871579231409235,17.267432708956402
2022-04-21,33.60270282609688,41.090261607998904,17.239647536867096
2022-04-22,33.583701060933244,41.268425499953054,17.42794103840015
2022-04-25,33.891857832956056,41.326923525705354,17.20846654687172
2022-04-26,33.60249939918288,40.40615236721942,17.543859649122805
2022-04-27,34.00436168428116,40.29764900424186,17.41078917727131
2022-04-28,34.494284846076525,40.11126434632196,17.17117411935205
2022-04-29,34.325242718446596,39.53398058252427,17.29611650485437
2022-05-02,34.6385832850801,39.87164640030882,17.01650260567458
2022-05-03,34.54056390796868,39.591238772275325,17.003698544598684
2022-05-04,34.69677900526733,39.54924719153498,16.869435510185056
2022-05-05,34.24518498827965,38.708586066068975,17.312293081365844
2022-05-06,34.17367627753197,38.44751300627219,17.554820829484125
2022-05-09,33.93776527613833,38.026471105306776,17.999849310595977
2022-05-10,34.375704728256785,37.82605427347215,17.740359317447194
2022-05-11,33.82813494589434,37.05919796308084,18.156588160407384
2022-05-12,33.51429882244992,37.35280623948616,17.992047713717696
2022-05-13,33.81957582395699,37.91695708453649,17.781041521457734
2022-05-16,33.65742707890725,37.24911894823665,17.908470594116327
2022-05-17,33.93416927899687,37.419181034482754,17.728742163009407
2022-05-18,33.74164242331445,36.44158628081458,18.294799162966363
2022-05-19,33.57726082267756,36.69182971293586,18.36902377651107
2022-05-20,33.63704026897313,36.036752816774886,18.412339912224418
2022-05-23,33.777587423158316,35.63942356142296,18.290839463871812
2022-05-24,33.53220442255452,34.98946406357105,18.799664881058163
2022-05-25,33.626091551954104,35.661977502076155,18.622442559830887
2022-05-26,33.7593446991192,36.67809824578717,18.30944215538723
2022-05-27,34.06540480662718,37.02740451765159,18.15007465202524
2022-05-31,34.01302884266098,37.42522945777734,18.00062964667135
2022-06-01,34.18784638296833,37.33733733733734,18.11811811811812
2022-06-02,34.361149045257434,37.760847169314076,17.899326768729484
2022-06-03,34.0989915720758,37.26798850294733,18.110293759438786
2022-06-06,33.9979115568615,37.52640909201292,18.135457393331553
2022-06-07,34.07658632799345,37.07846250060134,18.071390773079326
2022-06-08,34.06205923836389,37.2647244783814,17.91255289139633
2022-06-09,33.9602431247509,37.48256277401355,17.9080310880829
2022-06-10,33.63006670087224,37.06259620318112,18.301693175987683
2022-06-13,33.408,36.74666666666667,18.149333333333335
2022-06-14,33.720277101666355,36.82830930537352,17.74413566212855
2022-06-15,33.94778481012658,37.33122362869199,17.608122362869196
2022-06-16,33.680621846447565,36.71894177008046,17.858993590617757
2022-06-17,34.06220958836714,37.20002186628765,17.730825999016016
2022-06-21,33.98298984189618,37.23838216866185,17.48473618257925
2022-06-22,33.900478111060664,37.23390047811107,17.70079329041908
2022-06-23,34.07395651483891,37.451727239062585,17.941596571972703
2022-06-24,34.21093109105824,37.682013945857264,17.691242821985238
2022-06-27,34.11050207159217,37.4301963509097,17.903188450551998
2022-06-28,33.77906213056614,36.68461841586759,18.208327860239066
2022-06-29,33.874953988536575,36.68559709733397,18.236314876163433
2022-06-30,33.696487740225315,36.44267726971504,18.589794565937705
2022-07-01,33.419892980799496,36.72489770223481,18.84639597104186
2022-07-05,33.77578804063253,37.47512828568436,18.169441826369255
2022-07-06,33.95172863666014,37.226353555120674,18.29615133724723
2022-07-07,34.142265868017176,37.62307514331988,18.008175017352627
2022-07-08,34.18581315769161,37.65919674788381,17.96382535312733
2022-07-11,34.10457278192749,37.05072482627593,18.285922494339328
2022-07-12,33.93902791271696,37.15568626421238,18.359898117270173
2022-07-13,34.02845603568883,37.658052424570386,18.3802761132962
2022-07-14,34.42353999629541,37.717975179275484,18.425021830594584
2022-07-15,34.372809181315404,37.60808038844027,18.11336431854179
2022-07-18,34.32386438015447,38.03115591045948,18.010210760570757
2022-07-19,34.44056389731563,38.1650393861371,17.648558390904228
2022-07-20,34.75694708311169,38.5464954277174,17.30374648529524
2022-07-21,34.89054389528323,39.030567466586426,17.174452719476413
2022-07-22,34.73132703940875,39.168290769191834,17.573211167075858
2022-07-25,34.469246909522965,38.78453876684278,17.77182293904998
2022-07-26,34.316559645936195,37.985110900764916,18.09204635575226
2022-07-27,34.8867943347297,38.42509475364053,17.6491123079992
2022-07-28,34.979190779914795,38.60171891545793,18.056000197010366
2022-07-29,35.00570402194228,39.52280395155223,17.949464792834778
2022-08-01,35.034204055797645,39.83737858168805,18.022250894661244
2022-08-02,35.01690927804734,39.827476351516935,18.105180610694504
2022-08-03,35.393895524188686,40.168898540234046,17.937024972855593
2022-08-04,35.57959292078132,40.36023854938793,17.98778279450467
2022-08-05,35.5575978910199,39.73927975427479,17.952934916680775
2022-08-08,35.296254146589504,39.96464805443231,18.00043584590426
2022-08-09,35.08204691868239,39.48462379968396,18.273975932903852
2022-08-10,35.29845948713064,39.7628514964642,17.976618490916447
2022-08-11,35.160360960975254,39.560465725374414,17.974237481844803
2022-08-12,35.263404354952,39.78225239990634,17.963006321704515
2022-08-15,35.340204262463274,39.89180618383622,18.038520729375556
2022-08-16,35.1757039795206,40.25366534791715,18.05445659762625
2022-08-17,35.174030235556074,40.10547287003399,18.1530528536271
2022-08-18,35.254387809951155,39.977564327280376,18.16822080441235
2022-08-19,35.085516653243005,39.68588619889136,18.406215947316056
2022-08-22,34.83246643280513,39.4048627071489,18.541187855328413
2022-08-23,34.824784770219466,39.611980113980835,18.474596823087182
2022-08-24,34.73541711992651,39.654797302197395,18.473662581284596
2022-08-25,34.831112488379304,39.56997449405259,18.328526137636768
2022-08-26,34.511855123239,39.39700476178727,18.679529249216646
2022-08-29,34.28209522390284,39.4481285547525,18.860988997342474
2022-08-30,34.300996961402284,39.44150071570277,18.791592375882075
2022-08-31,34.22744065995242,39.35168783845336,18.81168075307455
2022-09-01,33.95388729125675,39.58680187679733,19.022753645123856
2022-09-02,33.86956965123394,39.64154599224965,19.018967978788496
2022-09-06,33.772648172791484,39.709796294400654,19.139625345480603
2022-09-07,33.70707426215497,40.20564130926643,19.390115139021567
2022-09-08,33.60307707677706,40.31669913582097,19.249213247414954
2022-09-09,33.7432365961633,40.45253320216429,19.030988686669943
2022-09-12,33.91975083339416,40.53823880088571,19.008686765457334
2022-09-13,33.57924192317476,40.195878911218514,19.343678453319765
2022-09-14,33.57323872275722,40.557526609224524,19.427268119614798
2022-09-15,33.176971188352304,40.81308315390137,19.160771044806726
2022-09-16,33.38261230418093,40.963792924577234,19.31476294221392
2022-09-19,33.313601853043366,41.137562733238966,19.292240380903355
2022-09-20,33.50256450311125,40.909682626467756,19.232471556145697
2022-09-21,33.564747343596814,40.650255703648746,19.306287924958266
2022-09-22,33.50435572657794,40.048634493078936,19.400352733686063
2022-09-23,33.6295692349504,39.793450197037636,19.502649816551163
2022-09-26,33.72951607147759,40.10046389064259,19.222640059290168
2022-09-27,33.85987120920249,40.329682426110416,18.94710771093621
2022-09-28,33.55733678784444,40.62019269694762,18.78120530051548
2022-09-29,33.38019239780589,40.05347446180986,18.412855922158823
2022-09-30,33.25494148608545,39.881852287362115,18.340892547175095
2022-10-03,33.403344153187305,38.89419273887783,18.392842530209215
2022-10-04,33.48678466544964,39.04278117310897,18.21837711987724
2022-10-05,33.676310695059534,38.903179612294146,17.855153942029755
2022-10-06,33.748660235798496,39.03001071811361,17.44640943193998
2022-10-07,33.28923068441798,38.76898481215028,17.574905592767166
2022-10-10,32.98150102772068,38.82562079884451,17.740681073273706
2022-10-11,32.68295410074356,38.754402638787944,17.789456029518643
2022-10-12,32.69015032533094,38.9836212699125,17.253758133273504
2022-10-13,32.838757275186495,38.396589884416755,17.23092056725961
2022-10-14,32.65945250678075,37.82400805301569,17.378296004250203
2022-10-17,32.81173327517584,38.373043999781906,17.297312033149776
2022-10-18,32.705520976477246,38.450138765392175,17.408994152992214
2022-10-19,32.84396200814111,38.29036635006784,17.30529172320217
2022-10-20,33.140855477408934,37.867053446813166,17.011028707479266
2022-10-21,33.220230302706454,38.045365892756955,16.91469181650592
2022-10-24,33.272626494575974,37.7411777126719,16.85010689682477
2022-10-25,33.37576639301673,38.07804219058505,16.91780110152759
2022-10-26,32.88047746191299,38.05821684728548,17.038374954190882
2022-10-27,32.68066740354755,38.11516395599768,17.26669824727617
2022-10-28,33.30934142203486,37.26286566243381,17.32815793532466
2022-10-31,33.108930374666635,37.29318246549805,17.291111053571893
2022-11-01,32.976178092166855,37.07739519400811,17.434723811505258
2022-11-02,32.65665430682637,36.594019260010135,17.710139515031877
2022-11-03,32.02609094094498,36.75372631465459,17.97256138648554
2022-11-04,32.148266241530486,36.53514016208316,17.826491297993886
2022-11-07,32.37531254112383,35.93630740886959,17.320700092117384
2022-11-08,32.51047120418848,35.6544502617801,17.348167539267013
2022-11-09,32.33100793841713,35.29254537192954,17.574105257530807
2022-11-10,33.16526894524817,35.89906002178925,17.444070029643516
2022-11-11,33.40945020200245,36.40812024792351,17.08363654613435
2022-11-14,33.4075723830735,36.13838833772019,17.025207531889045
2022-11-15,33.52656277447363,36.322115987854154,17.06692765188587
2022-11-16,33.32153243140726,36.04248324693388,17.352383360728286
2022-11-17,33.466923701298704,35.714285714285715,17.101258116883116
2022-11-18,33.353533823195214,35.60083832032927,17.385046587379744
2022-11-21,33.115385590106186,35.21376618768849,17.52705339719709
2022-11-22,33.308327081770436,35.13878469617405,17.441860465116278
2022-11-23,33.39297251627652,35.42318970230108,17.526464887431043
2022-11-25,33.20657171973256,35.45099793701688,17.63229189968434
2022-11-28,33.02265666439342,35.80359172539213,17.733828395342375
2022-11-29,32.75561065708575,35.75133466589075,17.632770791690913
2022-11-30,33.34968602825746,35.85410125588697,17.52109497645212
2022-12-01,33.4208846776965,35.87559526731798,17.51926947812853
2022-12-02,33.26534123024747,35.870339878597235,17.455948489838047
2022-12-05,33.31164443554644,35.47386070722491,17.675617507945642
2022-12-06,33.07518472437346,35.431531371403906,18.045857349617854
2022-12-07,32.96367890934988,35.27825821548479,17.992674738020142
2022-12-08,33.24247930547143,35.342216838279825,17.96890773268726
2022-12-09,33.28671684296176,35.45311228641172,18.01006916192026
2022-12-12,33.530517608722896,35.036972051635544,18.16017044742449
2022-12-13,33.67166703982884,34.77373933378113,18.078463566932854
2022-12-14,33.60290435653481,34.737105658487735,18.172258387581373
2022-12-15,33.15709775941277,35.022970510484306,18.402073762287298
2022-12-16,33.261147493933784,34.93881597829206,18.389125159809012
2022-12-19,33.003526130203674,34.57712751960423,18.32271985684964
2022-12-20,33.008356545961,34.12781836337835,18.30293793030956
2022-12-21,33.06061155270176,34.16099215493359,18.284441912849854
2022-12-22,32.6933179239336,33.764971632695946,18.436121033830634
2022-12-23,32.540283617560256,33.80167663419603,18.518711968869965
2022-12-27,32.359727320398534,33.38489774514945,18.70739381227058
2022-12-28,32.23862369245473,33.52094727340307,18.762278978388995
2022-12-29,32.49791362403505,33.77581890256624,18.563530148132696
2022-12-30,32.53928823575556,33.77350103286876,18.43474622806788
2023-01-03,32.36699753164225,33.714090646499656,18.512683157397195
2023-01-04,32.20241817802793,33.94048363560559,18.53762768396915
2023-01-05,31.941588908218677,34.013390268332536,18.345721967420527
2023-01-06,32.14028035456607,34.031642960214384,18.29519686662544
2023-01-09,32.53235703604393,34.25720620842572,18.429330170680142
2023-01-10,32.50550463413385,34.44620820318501,18.306108863741102
2023-01-11,32.65574433656958,34.93375809061489,18.224110032362457
2023-01-12,32.779121322047565,34.864973800886744,18.034562676340187
2023-01-13,32.74529485570891,35.056461731493094,17.899623588456713
2023-01-17,32.95371697211957,35.145938607738145,17.907333383613647
2023-01-18,33.05065263480548,35.244833839944825,17.75779713402641
2023-01-19,32.90448744339234,34.914059283655824,17.70790448744339
2023-01-20,33.17672021824796,35.10659795897747,17.487622511872285
2023-01-23,33.52969073708909,35.23200958490378,17.28527569078701
2023-01-24,33.550724637681164,35.229885057471265,17.391304347826086
2023-01-25,33.46821531160235,35.39652803796678,17.149993755463967
2023-01-26,33.633106856084,35.72822730080297,17.02038295243978
2023-01-27,33.69650956418852,36.45484125419049,16.981364622362452
2023-01-30,33.47312713747223,36.28897376369854,17.11974837115255
2023-01-31,33.44814012989569,36.58236567604802,16.997146231056877
2023-02-01,33.87536514118793,36.88412852969815,16.84761441090555
2023-02-02,34.301070108930375,37.468208647247955,16.641873410432364
2023-02-03,34.380987025585064,36.70425609312477,16.469019037225657
2023-02-06,34.17026571993265,36.87626576873338,16.711807334748556
2023-02-07,34.572123606059876,36.484501071798455,16.488836436330352
2023-02-08,34.53305734810666,36.57372458297821,16.391087300620967
2023-02-09,34.6434449384657,36.82478076101108,16.308433024638287
2023-02-10,34.40348985393589,36.307714929908826,16.59396137633565
2023-02-13,34.592931715233874,36.412082455247926,16.50073880289708
2023-02-14,34.756688639007365,36.86506397828616,16.43805738658395
2023-02-15,34.806029276776655,37.1757089714479,16.49113483743176
2023-02-16,34.67963162535515,36.87175467816204,16.59400411482316
2023-02-17,34.3318764425674,36.97146785837057,16.814811177135
2023-02-21,34.20281139592573,36.46796461950939,16.838307148763437
2023-02-22,34.199829377226884,36.70396948863351,16.796306518793592
2023-02-23,34.58293815204912,36.47980831627814,16.620076873159288
2023-02-24,34.33321560119077,36.2934557747616,16.804581462233212
2023-02-27,34.400221255625674,36.61780604932994,16.634400221255625
2023-02-28,34.45212739110685,36.72841063947913,16.403371523747033
2023-03-01,34.33145868166388,36.40624208339667,16.19547043623651
2023-03-02,34.48631256127297,36.00462532364696,16.37465121540434
2023-03-03,34.671812761325114,36.19832257106806,16.390806303965956
2023-03-06,34.81345958909189,35.90872005340322,16.45857541968502
2023-03-07,34.91601175082231,35.97057272704446,16.44110779119693
2023-03-08,35.14739797453124,35.846786323072294,16.53965707410007
2023-03-09,35.294718561650825,35.649708856880174,16.715190519971397
2023-03-10,35.18177813479827,35.81145863025057,16.693011323883805
2023-03-13,35.424019099024285,35.93782437201578,16.973738841602657
2023-03-14,35.652107318816526,35.95333520537105,16.91726444234549
2023-03-15,35.897040690505555,36.12566789971229,17.254932182490755
2023-03-16,36.267703415717854,36.144000403928196,17.071015626972304
2023-03-17,36.78555860406677,36.24195492192108,17.172235185517575
2023-03-20,36.45298928226748,35.942500126987355,17.01630517600447
2023-03-21,36.27133939986463,36.456844902358924,16.457346268581887
2023-03-22,36.53311570732703,36.26278340261661,16.413761444492618
2023-03-23,37.027240125136714,36.1268662410662,16.201643055166976
2023-03-24,36.88186986734049,35.77511054958939,16.59886291850916
2023-03-27,36.52803349390906,35.78148250901662,16.58806022850513
2023-03-28,36.43832153690597,35.819009100101106,16.67087967644085
2023-03-29,36.668742992400645,35.97608072754453,16.671234583281425
2023-03-30,36.878870448352735,36.07877136487491,16.64602427545207
2023-03-31,36.886587361684455,36.52751654901195,16.53435599306285
2023-04-03,36.68816157683417,36.05548120209271,16.35965445917995
2023-04-04,36.68974967577752,36.19791029436954,16.534122886436485
2023-04-05,36.36653581943081,35.549558390579,17.006869479882237
2023-04-06,36.43050905447347,35.418754124001076,17.060534226154108
2023-04-10,36.37362369082786,35.53868313761871,17.008862088327923
2023-04-11,36.02216147613004,35.58527775065899,17.01893976374109
2023-04-12,35.963729935056975,35.177061634603604,17.07143732385737
2023-04-13,36.152562459186875,35.482622681210245,16.85007376593223
2023-04-14,36.03985841051254,35.615574843621204,16.702225670368037
2023-04-17,36.041455283374404,35.73947915156786,16.734309320191333
2023-04-18,36.12901668235919,35.7741242364984,16.63648873759687
2023-04-19,36.03129376539334,35.74636596320085,16.76727676631091
2023-04-20,35.991065358842384,35.38894823735068,16.85442361852967
2023-04-21,35.846676370693835,35.752062105773895,16.88985929160602
2023-04-24,35.65179458594868,35.70995807381916,16.9570801929089
2023-04-25,35.453605200945624,35.56688337273444,17.213356973995275
2023-04-26,36.133643288159064,35.535166683153626,16.88099713126917
2023-04-27,36.18001503358308,35.76052957008801,16.75032128221915
2023-04-28,36.26331353833578,35.5492510759022,16.584521433895127
2023-05-01,36.32162884166446,35.233809053933726,16.63016533898101
2023-05-02,36.39129588160841,35.6708207574725,16.61474053159381
2023-05-03,36.33400323513554,35.63305720307828,16.683005735012987
2023-05-04,36.41793992051934,35.61079159775875,16.930368030015057
2023-05-05,36.65269127305334,35.67118241523883,16.729273198749485
2023-05-08,36.623540243252414,35.78281726995203,16.67393516499491
2023-05-09,36.502567347236756,35.93069379213005,16.725476358503883
2023-05-10,36.77606879011748,35.94525856848734,16.800290662468207
2023-05-11,36.6753208938927,36.17547861111785,16.657365394414388
2023-05-12,36.67484632765616,35.91681041813456,16.771544498165653
2023-05-15,36.85140795622382,35.839325924311765,16.50323236725503
2023-05-16,37.13833028641073,35.934186471663615,16.246191346739796
2023-05-17,37.18180285624834,36.2425643619199,15.99354574573128
2023-05-18,37.58080290055578,36.45492927509959,15.793239987596305
2023-05-19,37.61884286465052,36.20228369404233,15.792365391046772
2023-05-22,37.675207144392175,36.07535996561523,15.790730437689533
2023-05-23,37.54014827694462,36.15156125479968,15.914414740756843
2023-05-24,37.53679242988154,36.28159283855118,15.9259529543409
2023-05-25,38.642228385385266,35.80851320390691,15.576992644398894
2023-05-26,39.23146516832532,36.18161039950479,15.377839150516643
2023-05-30,39.425960302727404,36.41058593935932,15.31248512542244
2023-05-31,39.31554385545052,36.283355271030274,15.539069043915282
2023-06-01,39.34142525247736,36.36622255938552,15.279028969702718
2023-06-02,39.002617311647036,36.68910076649841,15.217797719199853
2023-06-05,38.85272769843128,36.86958557714821,15.31959728400843
2023-06-06,38.758965493072914,37.17262808681635,15.274630282924093
2023-06-07,38.312038448013126,37.0484116750674,15.58785605438987
2023-06-08,38.494162608067484,37.37095984899681,15.56171789434437
2023-06-09,38.615957199348685,37.49709234705745,15.443126308443825
2023-06-12,39.10096818810512,37.79852466574458,15.276625172890732
2023-06-13,39.08074932441716,37.94027389731141,15.174277469885036
2023-06-14,39.43684523537216,37.86769751589734,15.147079006358934
2023-06-15,39.455490284681424,37.64798915499322,15.124265702666062
2023-06-16,39.40973012333318,37.86010103308606,15.314249305966413
2023-06-20,39.265291184409165,38.26570291413148,15.092181710050781
2023-06-21,38.88352416425254,38.00064376695636,15.291764381293973
2023-06-22,39.05981535360014,38.34734599436439,15.119928523974249
2023-06-23,38.930310934650635,38.19163915883752,15.01119549410217
2023-06-26,38.809567958464676,37.85694418690896,15.221119970331912
2023-06-27,39.14528738794507,38.25114061031249,15.060641492995849
2023-06-28,39.148468113384816,38.38309768784803,14.830770640940443
2023-06-29,39.063248955741706,38.27349295838944,14.772545707698978
2023-06-30,39.2212597004151,38.30761595379896,14.762678216928352
2023-07-03,39.092814168863654,38.725523333108,14.85612564501228
2023-07-05,38.90957506826439,38.79899803669352,15.047502990093204
2023-07-06,39.11204112268571,38.47518537051358,14.982031569849429
2023-07-07,39.040018241933645,38.620453768099416,14.910500513054384
2023-07-10,39.04380657781012,38.64122276304416,14.809170722831277
2023-07-11,38.880350766170956,38.71762419201736,14.898521900284772
2023-07-12,39.00721940720147,38.75386753957222,14.994843280570377
2023-07-13,39.20500044487944,38.80905774535101,14.927929531097073
2023-07-14,39.171563390313395,38.93340455840456,14.879362535612536
2023-07-17,39.535090054121206,38.95617070357555,14.657084553278327
2023-07-18,39.68823620070896,38.82736299786433,14.436689491182102
2023-07-19,39.50131810193322,38.87741652021089,14.551845342706502
2023-07-20,38.971206156840196,37.8035295678712,14.916626122340663
2023-07-21,38.951302578619135,37.812375602636116,15.139988500154805
2023-07-24,38.84632320563629,37.89079700572435,15.033025099075298
2023-07-25,39.18408571930441,37.69980678025645,15.018443702792904
2023-07-26,38.65118219138987,37.68523193782793,15.016135759917457
2023-07-27,38.79643749033128,37.54337112422374,14.848946938053878
2023-07-28,38.94335988794537,37.80968222008229,14.672152674428784
2023-07-31,38.958911291203385,37.951899342493284,14.65082242949824
2023-08-01,39.13643533123029,37.62924991237294,14.51323168594462
2023-08-02,38.70659587230356,37.475840312798525,14.717970364117033
2023-08-03,38.65965600213885,37.672667320203196,14.423848141876839
2023-08-04,38.30711040487007,38.39439582820439,14.321523690159129
2023-08-07,38.08213707261876,38.45266357524794,14.195380621685786
2023-08-08,37.954317548746516,38.31309192200557,14.324233983286907
2023-08-09,37.71620863712843,38.113292204150305,14.452047111609648
2023-08-10,37.70716063779686,38.19156331995246,14.402009374088939
2023-08-11,37.45091439470436,38.08369796925839,14.488948726579153
2023-08-14,37.83892347861016,37.99067193323068,14.295597063221086
2023-08-15,37.90783264467475,37.914606335658966,14.22926686084581
2023-08-16,37.82412883268129,37.72177235920299,14.398143935947594
2023-08-17,37.75241238625684,37.36734740654152,14.476609594535745
2023-08-18,37.79152348224513,37.264604810996566,14.54524627720504
2023-08-21,38.26421450357355,37.44935585195976,14.360176628579236
2023-08-22,38.32477462056374,37.605842747917386,14.440260184868198
2023-08-23,38.58655170078776,37.48956052637519,14.337629505902536
2023-08-24,38.22701366476687,37.272539998626655,14.454439332555106
2023-08-25,38.34579630429347,37.4252789962952,14.462349705661751
2023-08-28,38.415846056554344,37.33851296413407,14.368958352154666
2023-08-29,38.627660521863035,37.72597737999821,14.217650725799269
2023-08-30,38.75967273452917,37.7330879581384,14.095031152302608
2023-08-31,39.00521816365049,37.906073054291106,13.980237592983237
2023-09-01,39.05228396019415,37.605000110818054,13.883286420355063
2023-09-05,39.36203365684267,37.794942569673225,13.729854865995906
2023-09-06,39.209358612343685,37.712339204876514,13.854152660122809
2023-09-07,38.761380240530514,37.934135101719676,14.078903001011579
2023-09-08,38.78389297899084,37.87708744837494,14.181181540671576
2023-09-11,38.731185193444084,38.6419890734753,14.146504627048722
2023-09-12,38.23852552747819,38.50310545079486,14.242471804300546
2023-09-13,38.290295850036955,38.762849656222706,14.396094152426597
2023-09-14,38.23829825028866,38.80895283772981,14.481747934985345
2023-09-15,38.09459368022194,38.74641946906647,14.64690890227124
2023-09-18,38.17370331131799,38.23456484006943,14.509839280481485
2023-09-19,38.23270312394118,38.12202118768494,14.460933794131597
2023-09-20,37.98103228159766,38.09274120007296,14.608790807951852
2023-09-21,38.03055240038017,37.675884930109646,14.698996267878254
2023-09-22,38.19757446215324,37.38906184656847,14.704242367919706
2023-09-25,38.16023876177035,37.461536681859194,14.62184485112093
2023-09-26,38.031839954916876,37.32741617357002,14.396074011458628
2023-09-27,38.0753432695693,37.169346320854366,14.113366975707075
2023-09-28,38.124241575655745,37.36815084476804,13.728647437692523
2023-09-29,38.347992888556185,37.657902124075974,13.78544025451483
2023-10-02,38.77512812712082,37.70330673281693,13.149703961994804
2023-10-03,38.634692473730404,37.28503996774117,13.482293223273798
2023-10-04,38.833419676918,37.7454905100551,13.370696557245795
2023-10-05,38.899882214369846,37.57126030624264,13.297997644287399
2023-10-06,39.162825348046745,37.3911626391023,13.328211575173441
2023-10-09,39.11494598533392,37.19262532096509,13.375280483009092
2023-10-10,38.97224651355456,37.40507203019284,13.487826207023518
2023-10-11,39.17308397506417,37.38540520718739,13.650531719838652
2023-10-12,39.45026057279897,37.20426140294239,13.522114098602591
2023-10-13,39.07995365005794,36.84125144843569,13.742757821552724
2023-10-16,39.04458306577378,37.04705990276121,13.739565177506648
2023-10-17,38.86518967019862,37.13591119673409,13.703499839456907
2023-10-18,38.98561167801771,36.75414332535274,13.767694846702774
2023-10-19,39.10606664634289,36.13254226954014,13.751377717327582
2023-10-20,38.9230513544956,36.01462522851919,13.777630048196777
2023-10-23,39.03581791371356,36.11996384911764,13.685011653902867
2023-10-24,39.01045723862805,36.232089323230184,13.931968935155679
2023-10-25,39.11148365465213,36.01724344389893,14.213866602802058
2023-10-26,38.82923282026421,35.88413525633256,14.509756393164464
2023-10-27,39.232492451543784,36.42495373526833,14.300672056102073
2023-10-30,39.18525469813999,36.32426189273082,14.239996150051734
2023-10-31,39.2180774748924,36.37015781922525,14.273075083692014
2023-11-01,39.5542516443477,36.431173993280645,14.28334831779681
2023-11-02,39.467452873990155,36.67935741480174,14.277091651963971
2023-11-03,39.51321631507511,36.858450850031055,14.230831167038579
2023-11-06,39.68188390828341,36.8197571667929,14.161445064151119
2023-11-07,40.00183095690385,37.12493992172659,14.018263795115923
2023-11-08,40.19897084048027,36.99942824471126,13.905088622069753
2023-11-09,40.32592660888807,36.594136087036695,13.829983404019917
2023-11-10,40.74351467283993,36.6310342479744,13.690111436417693
2023-11-13,40.54385606215497,36.822735636884076,13.539607896590109
2023-11-14,40.56782474984957,37.338711474606114,13.81231475497515
2023-11-15,40.53326810176125,37.30430528375734,13.740882405265967
2023-11-16,40.68587166559314,36.87670746063123,13.797392443862025
2023-11-17,40.5510326316023,37.07713125845737,13.817964018722687
2023-11-20,40.82463787258398,36.9832254655924,13.670585127460043
2023-11-21,40.58287554878991,36.96913539391532,13.729123921724359
2023-11-22,40.607006285438004,36.93903564678476,13.742253087776362
2023-11-24,40.50652374467337,36.95470720028116,13.770153318982558
2023-11-27,40.573842633339204,37.07753916563985,13.815789473684209
2023-11-28,40.61064339568725,37.2540830457433,13.846086211065439
2023-11-29,40.67002485647038,37.17912056487979,13.74584808957128
2023-11-30,40.56967572304996,36.980718667835234,13.751095530236634
2023-12-01,40.42256588978436,37.26639076453932,13.837943803093008
2023-12-04,40.14101469267993,37.32072083908122,13.856226324202414
2023-12-05,40.38983793254489,37.39378011388524,13.760402978537012
2023-12-06,40.21022077579383,37.60005277509016,14.000791626352363
2023-12-07,40.390197062610476,37.62302773716256,13.864216659756018
2023-12-08,40.5606258148631,37.633637548891784,13.778791829639287
2023-12-11,40.756293426264634,37.58739366652958,13.814151821467997
2023-12-12,40.84033613445378,37.53285929756518,13.695324283559577
2023-12-13,40.63974495217854,37.50690754516472,14.01912858660999
2023-12-14,40.41016080167793,37.889027774835284,13.792080676256857
2023-12-15,40.84546055014595,38.1842200583811,13.630068395372128
2023-12-18,40.64877004894378,38.13801724685891,13.397037947327158
2023-12-19,40.556819139078435,38.20444781400051,13.391879369893017
2023-12-20,40.50527484730705,38.03442531926707,13.304574381753726
2023-12-21,40.57541781256611,38.25047598899937,13.20287708906283
2023-12-22,40.54681727013618,37.89295893592315,13.220732608466168
2023-12-26,40.544518027961736,37.89340901923684,13.245033112582782
2023-12-27,40.4692451365134,37.955132106356636,13.212734255314684
2023-12-28,40.50221317837588,37.743606956302834,13.302146048794814
2023-12-29,40.49567650585933,37.619658749026954,13.323935957585576
2024-01-02,39.65725166613773,37.48016502697556,13.593568179413943
2024-01-03,39.576356150941784,37.02510719085305,13.756692762217623
2024-01-04,39.41319979455572,36.88366718027735,13.758346173600414
2024-01-05,39.34860659941871,36.89092152504701,13.79081894340913
2024-01-08,39.768225874420565,36.991150442477874,13.695743784239358
2024-01-09,39.89195576939309,36.91018823330801,13.604710053178021
2024-01-10,40.00545576632533,36.996390800738624,13.526103743495046
2024-01-11,40.22672404744411,36.964416920331686,13.217172247297155
2024-01-12,40.32894184778048,36.494084081564154,13.283544516237308
2024-01-16,40.578611584865136,36.58644431811003,13.1872065357
2024-01-17,40.604289737237714,36.469118550043405,13.068241969976075
2024-01-18,41.06277151671598,36.353333753069315,12.814539654557283
2024-01-19,41.49202993180358,36.25189146611943,12.640175776796633
2024-01-22,41.58651360016548,36.01613403661185,12.549384631295895
2024-01-23,41.632636224889666,35.82477416161366,12.535577280039597
2024-01-24,41.8735449844455,35.649683759451165,12.3508930962731
2024-01-25,41.82119951642317,35.01833903653464,12.505378767698708
2024-01-26,41.39225703206746,35.22291294803143,12.558215875751419
2024-01-29,41.443605349400535,35.4570806277607,12.53892971278523
2024-01-30,41.13345148607631,35.464156939436535,12.54456191814867
2024-01-31,40.93770709078861,35.39595758780649,12.72572895957588
2024-02-01,40.91782502044153,35.611201962387575,12.800490596892885
2024-02-02,40.91028623444928,35.869323353899055,12.438555679174673
2024-02-05,41.15318241802862,35.49284336615572,12.224139681250634
2024-02-06,40.84578323009029,35.60468035143123,12.233288797117293
2024-02-07,41.043967074884556,35.70568159004216,12.14013250351335
2024-02-08,41.15427837534115,35.84644405201477,12.048482902552577
2024-02-09,41.4684756584198,35.89385474860335,12.02513966480447
2024-02-12,41.17130424368238,35.87967583536269,12.170146512834842
2024-02-13,41.03788860103627,35.656169041450774,12.13568652849741
2024-02-14,41.09352748861744,35.708125238181196,12.09258479250657
2024-02-15,40.726280352981014,35.87378737475349,12.210912133224436
2024-02-16,40.553742667814454,35.839122339893095,12.258012852595543
2024-02-20,40.36355584185522,35.69731862468798,12.317819470166679
2024-02-21,40.073610747973696,35.92848092355342,12.46958025783874
2024-02-22,40.545812807881774,35.88374384236454,12.12216748768473
2024-02-23,40.42335335236782,35.69754848872698,12.200452889632766
2024-02-26,40.61147453506987,35.93944544358584,12.00418980612265
2024-02-27,40.57167656283905,35.991162487917464,12.208786222949914
2024-02-28,40.43376920949709,36.18101370837119,12.262473827677479
2024-02-29,40.73767910565265,36.29546528105811,12.222484648086915
2024-03-01,41.095836989373105,36.076825582529004,12.034708004289753
2024-03-04,41.139957056412264,35.627561975405044,12.250634393909818
2024-03-05,40.53393272605387,35.539650617137895,12.338814622027682
2024-03-06,40.64933791074056,35.234919077979406,12.394310936733694
2024-03-07,40.884986694120165,35.154717274334224,12.352129912006374
2024-03-08,40.52020636285468,35.23606659892128,12.45798483545689
2024-03-11,40.44359255202629,35.170552339227044,12.531294007197621
2024-03-12,40.83362359224429,35.096172452494294,12.277951933124347
2024-03-13,40.45584045584045,35.077620791906504,12.380564761517142
2024-03-14,40.54374211088455,34.923779007670646,12.306049130983588
2024-03-15,40.33305219386855,34.92340584116274,12.447286350352078
2024-03-18,40.22540264399641,34.90621222165893,12.32890067464805
2024-03-19,40.210583467452636,35.01386438114444,12.369354869985068
2024-03-20,40.287811251152775,35.20980633261605,12.271364893944051
2024-03-21,40.18383761011107,35.29873611643048,12.211796246648793
2024-03-22,40.27359413672032,35.056886859423265,12.252259166171024
2024-03-25,40.11774438694038,35.03857475421822,12.343921349827808
2024-03-26,40.02621383550819,35.14774194791928,12.226055781499973
2024-03-27,39.895253932756084,35.25813789016955,12.46248829252442
2024-03-28,39.816850517139194,35.155906475232754,12.550901408989237
2024-04-01,39.99731882947756,34.95480312547878,12.496169756396508
2024-04-02,39.86585459872022,34.660010793308146,12.597332510986044
2024-04-03,39.92799522535184,34.64700333070215,12.533451416029726
2024-04-04,39.78209601029099,34.66388601945153,12.662989455629834
2024-04-05,39.822155353663945,34.49646046717976,12.568717088131475
2024-04-08,39.75362430598396,34.80490438001234,12.644586674892041
2024-04-09,39.90795655857659,34.92836786567048,12.699299083416776
2024-04-10,39.817552322415004,34.73702637516533,12.607951451023105
2024-04-11,40.30888030888031,34.754826254826256,12.488416988416988
2024-04-12,40.21141235196241,34.66966820005873,12.567289811099148
2024-04-15,39.94845871741501,34.524729903855686,12.609773020120924
2024-04-16,40.06911206879431,34.39119814112367,12.465990109824638
2024-04-17,39.72630106882429,34.42812905803616,12.801917890320647
2024-04-18,39.353779628443306,34.284913516976296,12.900384368994233
2024-04-19,38.88238145245981,34.28386784069795,13.213910655141772
2024-04-22,38.8717681901865,34.12110782037941,13.213399503722083
2024-04-23,38.98546425393059,34.12241669138732,13.119746860476617
2024-04-24,39.18205021665578,34.46508775053916,13.205120595160363
2024-04-25,39.24606248386264,34.62630836759419,13.291227233907327
2024-04-26,39.31649155943809,34.610238854129776,13.022862314563413
2024-04-29,39.34635140963808,35.28996588636631,13.153354507312867
2024-04-30,39.09916729750189,34.985457587951714,13.295350412367025
2024-05-01,38.82482262416308,34.8795842909963,13.492555211352053
2024-05-02,39.019464190246126,34.99198067441539,13.43880561550799
2024-05-03,39.61548240724442,34.796299556024955,13.379882258600793
2024-05-06,39.6712933387537,34.808448032212475,13.310877519019687
2024-05-07,39.49800827628882,34.520632710677965,13.447035618981321
2024-05-08,39.606334229200094,34.38774918308552,13.586882963707724
2024-05-09,39.3678989561105,34.42336159332526,13.714747101908992
2024-05-10,39.463174871361645,34.19476230704247,13.68366484908993
2024-05-13,39.64408439077768,34.14601370678236,13.681826035207617
2024-05-14,39.81272692528187,34.14484999044525,13.655646856487675
2024-05-15,40.21103099399751,33.77817207142588,13.690588546188984
2024-05-16,40.1539654618018,33.62840227732698,13.671527738372202
2024-05-17,40.00755500991595,33.75200679950892,13.663235432996505
2024-05-20,40.431271931479465,33.462249556653965,13.624872655925746
2024-05-21,40.39822342667871,33.59492622704005,13.71386630532972
2024-05-22,40.605477228545,33.3408829247117,13.591151878904553
2024-05-23,40.571526351813816,33.04243668720054,13.459198418130658
2024-05-24,40.64483227561196,33.155787246902385,13.504835297673011
2024-05-28,40.78820709310885,33.05147128215776,13.482191729110438
2024-05-29,40.81543432807451,33.06595704238738,13.402394981942598
2024-05-30,40.15039895907082,33.483859857254934,13.673676355217083
2024-05-31,39.85057928968276,33.36746496766976,13.789180271915352
2024-06-03,39.91852974611596,33.32512315270936,13.620689655172416
2024-06-04,39.957228562236224,33.3219780843695,13.599803175684627
2024-06-05,40.36508500570445,33.12323489255055,13.36338302130286
2024-06-06,40.23117495230614,33.36512924101298,13.225227247222534
2024-06-07,40.37377577198929,33.26903990561975,13.097133012490403
2024-06-10,40.35208901168652,33.272971661128324,13.224806780420417
2024-06-11,41.003817860135946,33.10550330570816,13.112952788900268
2024-06-12,41.56938081867888,33.17755282990986,12.921161519136989
2024-06-13,41.81399207300211,33.13669462623283,12.924693520140105
2024-06-14,41.9451711559011,32.854932016655006,12.885515310070378
2024-06-17,42.24456223725096,33.16761104002924,12.643026868945348
2024-06-18,42.19037721745155,32.97234224871921,12.616456088533976
2024-06-20,41.82998171846435,33.10420475319928,12.760511882998172
2024-06-21,41.94780628454941,33.53657416760023,12.743567611246808
2024-06-24,40.98094852047021,33.43037181707631,12.849614916903121
2024-06-25,41.572600627718735,33.16814419176624,12.679184332727639
2024-06-26,41.47311689978186,33.60708327986655,12.610217961173948
2024-06-27,41.42797005692113,33.75917418599118,12.612332302285994
2024-06-28,41.56958582926022,33.51585755760538,12.520671787144904
2024-07-01,41.79777753328199,33.56071441669417,12.408772508893534
2024-07-02,41.726015919564304,33.98480901987214,12.38957396040145
2024-07-03,42.106408443042106,34.05868059333406,12.40887825046241
2024-07-05,41.98759555747873,34.13024664647339,12.359368238857638
2024-07-08,42.2255438697594,34.107117130096526,12.357729433799165
2024-07-09,42.15033643985463,34.187326832427765,12.381706307797485
2024-07-10,42.34304852846861,34.10710468182142,12.376184707475236
2024-07-11,41.64210753306497,33.967078780908565,12.712047153536513
2024-07-12,41.75074554902766,34.19525348666941,12.725227236200649
2024-07-15,41.71103948141685,34.06229408936299,12.382241376239916
2024-07-16,41.3270544913784,34.468717912403065,12.404843678079523
2024-07-17,40.284411247172045,34.37533666104068,12.588429633353682
2024-07-18,40.60000723772301,34.28871277096226,12.67506242536098
2024-07-19,40.23206251479991,34.210094901546476,12.77436747481739
2024-07-22,40.7644460470567,34.23420174885063,12.750383124492922
2024-07-23,40.665968435118636,34.134493842320055,12.69096030914804
2024-07-24,39.886924228146995,33.49777358978623,13.131201152929437
2024-07-25,39.66679667911072,33.54135324381048,13.090395795026097
2024-07-26,39.725222246712214,33.54088604804937,13.07214752773492
2024-07-29,39.52566267714223,34.08106322050077,13.123210221014759
2024-07-30,38.728782287822874,34.064575645756456,13.25830258302583
2024-07-31,39.72331657014216,34.03896080318077,13.215083241045008
2024-08-01,38.7911824828272,33.680779359496135,13.646157529327269
2024-08-02,38.41621317320323,33.05685869769188,13.92756614749484
2024-08-05,38.25041555529785,33.08593296996405,13.966523638331596
2024-08-06,38.416163937565834,33.14564780235564,13.955759839126689
2024-08-07,38.04804689006286,32.78641113638993,14.12871630740755
2024-08-08,38.57721662112504,32.74474700838594,13.824554791293696
2024-08-09,38.58046117187939,32.70980693821648,13.810765680406762
2024-08-12,38.8752414349204,32.56324188497384,13.827892062182384
2024-08-13,39.42144491181463,32.8389048778688,13.683491993210833
2024-08-14,39.51264367816092,32.56091954022989,13.631264367816092
2024-08-15,39.96419983003959,33.033793190735345,13.399750483663912
2024-08-16,39.94154895275208,33.0374700077574,13.4293085096787
2024-08-19,40.21550722824824,33.126641768374405,13.389682100033953
2024-08-20,40.139609808483975,33.15017003758726,13.382853051727222
2024-08-21,40.23759409225501,33.45403303485427,13.431557918019335
2024-08-22,39.622811117902984,33.13616914170652,13.521628132753225
2024-08-23,39.84131784462669,33.421094764556244,13.416825289523777
2024-08-26,39.4354392910002,33.24060700083811,13.53626134560174
2024-08-27,39.61998717857398,33.10777120877555,13.410855474036614
2024-08-28,39.30145083288555,32.978685294644464,13.489163532151174
2024-08-29,38.94331512492164,33.0151338766007,13.561386227276797
2024-08-30,39.087780300879935,33.19613965370423,13.534274765824584
2024-09-03,38.07600347775685,33.428126358498766,13.798724822489493
2024-09-04,38.056084944187305,33.58380978310191,13.945004083855158
2024-09-05,38.09064609450337,34.047779334437145,13.944433325448955
2024-09-06,37.73780442667851,33.755274261603375,14.048042046043378
2024-09-09,37.9312238062993,33.868340623341446,14.03341812924361
2024-09-10,38.33160225222763,34.10776435430675,14.038156671951022
2024-09-11,39.23740124815122,34.09869773817684,13.9388910933949
2024-09-12,39.2316085066805,34.19485234935341,13.85286805344399
2024-09-13,39.22350136118574,34.248500916353805,13.974840305332648
2024-09-16,39.01641674365716,34.139364650700024,14.060834340132185
2024-09-17,38.92411245493455,34.29946543058589,14.044434972561138
2024-09-18,38.68364802280014,34.3338083363021,13.97933737085857
2024-09-19,39.16424393148621,34.526603383656166,13.664226417737924
2024-09-20,39.16058073031236,34.61328640563132,14.0923889133304
2024-09-23,38.985728579704045,34.87457650920708,14.10114627766953
2024-09-24,39.140556625240684,35.07964291965692,13.961141256782778
2024-09-25,39.33934460739598,35.03087502631394,14.06567960143148
2024-09-26,39.70295299668006,35.041062379870695,13.914031102568583
2024-09-27,39.38964425079182,35.14445202722803,14.072479745218471
2024-09-30,39.34746235359732,34.922267150027885,14.079057445621862
2024-10-01,38.73588688403503,35.09549435475361,14.320635925574198
2024-10-02,39.00608234011883,34.783602292303904,14.32162570755546
2024-10-03,39.239547744003374,34.44401394808214,14.342573350709731
2024-10-04,39.3189989179378,34.58584941882788,14.190722189256169
2024-10-07,39.404719971821066,34.358929200422686,13.990841845720325
2024-10-08,39.76481672104262,34.368511959802504,13.86674110647801
2024-10-09,39.93311848078456,34.37640780399903,13.653532938281874
2024-10-10,39.99270997865065,34.2665717806745,13.635811362018991
2024-10-11,39.82366541288519,33.91766451568377,13.673694744470133
2024-10-14,40.0157447973713,33.78970427163198,13.73391292442497
2024-10-15,39.44254717306565,34.12846252026631,13.903549622270518
2024-10-16,39.39378327322686,34.15936802335566,14.118152155246436
2024-10-17,39.51060358890701,34.12552588649437,13.99158581608998
2024-10-18,39.49947826681948,34.12819240835457,14.018371850356658
2024-10-21,39.74949882631119,33.918749892911606,13.986601100011994
2024-10-22,39.7294795309607,33.79962970582184,13.944318727285193
2024-10-23,39.5214450076991,33.57497534559422,14.207858267444074
2024-10-24,39.5518265313169,34.559077411780954,14.085698501484705
2024-10-25,39.77100027631943,34.67981486598508,13.881597126277978
2024-10-28,39.636382418263516,34.6538574109464,13.947282337344834
2024-10-29,40.10519621156127,34.41738143940045,13.627378517283464
2024-10-30,39.58724849571559,34.4735435595938,13.635971793589766
2024-10-31,39.08272369161509,34.624718626899266,14.052827799662351
2024-11-01,39.21091342112637,35.03957691230037,13.682053796581675
2024-11-04,39.26572015233148,34.99412084729998,13.548375774380936
2024-11-05,39.34281255418761,35.18813941390671,13.587653892838564
2024-11-06,39.48125338386573,35.432458040064965,13.120939361126153
2024-11-07,39.86165443830694,35.61222947902151,13.043770252346334
2024-11-08,39.646266236480045,35.96181815142346,13.23659706782126
2024-11-11,39.38973879350658,36.65241499098136,13.26073886031131
2024-11-12,39.56274082760932,36.275758083431064,13.149606299212598
2024-11-13,39.406219126241226,36.567926455566905,13.119777625211404
2024-11-14,39.52641779725288,36.28212690654757,13.159180921884218
2024-11-15,39.0456679470764,36.43875373452838,13.529662825437475
2024-11-18,39.01215676273059,36.62501062654085,13.59177080676698
2024-11-19,39.18854819583263,36.51871929527359,13.628663391495852
2024-11-20,39.14140558848433,36.3454699407282,13.63082133784928
2024-11-21,39.32824633213738,36.215405865211316,13.793858540940255
2024-11-22,39.2268811606858,36.624070124767,13.677352185521654
2024-11-25,39.09259786119526,36.873462420296896,13.656218097836092
2024-11-26,39.0843253142429,36.81511695663032,13.801714808956964
2024-11-27,38.672077217240286,36.74498605614281,13.843661807190689
2024-11-29,38.79014189693801,36.893203883495154,13.763173180648911
2024-12-02,39.088514487351524,37.148584397727085,13.443665821778241
2024-12-03,39.21114073289066,37.10321074332268,13.32152141875445
2024-12-04,39.68172991475497,37.21653556265017,13.237665799953922
2024-12-05,39.546038967461186,37.58283058055583,13.300695612039693
2024-12-06,39.624224675474245,38.30144288511213,13.111005083825539
2024-12-09,39.569689753257926,38.377323543031025,13.013494741020043
2024-12-10,39.14233576642336,38.56005308560053,12.959522229595224
2024-12-11,39.405063707898464,38.93589701379515,12.77944226780364
2024-12-12,39.387420780037395,38.81323118163917,12.83901179818973
2024-12-13,39.5640588537098,38.974859734198375,12.849836977209911
2024-12-16,39.789713080307855,39.3348604953938,12.693023945681373
2024-12-17,39.71272071356468,39.621704810604186,12.692581376491422
2024-12-18,39.612471856450846,38.99843078392577,12.773759978167428
2024-12-19,39.66729227094353,38.95751578228971,12.835693567650571
2024-12-20,39.91541909836759,38.72282838535059,12.929036623530408
2024-12-23,40.03262203837293,38.53604398930535,12.789856900233735
2024-12-24,40.00166306336272,38.9988358556461,12.719108598037588
2024-12-26,40.0256094721788,38.84657598031064,12.688329397678515
2024-12-27,39.91361489722862,38.61111577956674,12.786339725382767
2024-12-30,39.86093638434599,38.429499166978346,12.879534867906568
2024-12-31,39.67376467376467,38.27975702975703,12.914619164619163
2025-01-02,39.6774083196497,37.86945812807882,13.045634920634921
2025-01-03,39.82599881746769,38.15862826252217,13.021370048145958
2025-01-06,40.10178715399086,38.08955925826391,12.802338081160977
2025-01-07,39.74653007831745,37.77925012316735,12.916433073407743
2025-01-08,39.674973281989516,37.83100646321396,12.894196678484793
2025-01-10,39.41153163706524,38.04027631828283,13.020034798187737
2025-01-13,39.07187946129104,38.19639140680094,12.848518206367498
2025-01-14,39.12124907676188,38.07004586131675,12.999192703412977
2025-01-15,39.18654475522116,38.34137454030163,12.954215729275617
2025-01-16,38.95950240010818,38.20735582448786,13.307078628895951
2025-01-17,39.17634458984571,38.3580441112487,13.193212624251146
2025-01-21,39.144349556421524,38.28869911284305,13.274189536522677
2025-01-22,39.804432425301755,37.931205065628916,12.914715388167005
2025-01-23,39.658876588765885,37.953259532595325,12.905289052890529
2025-01-24,39.360494761254664,37.832458838429524,13.074658289060315
2025-01-27,37.96819994327377,38.593856883060546,12.955269699851513
2025-01-28,38.64884536491762,38.31138754714484,12.667901806391848
2025-01-29,38.50717003705489,38.37423771622273,12.751532875824594
2025-01-30,38.372669575565254,38.54290625413196,12.947904270792016
2025-01-31,38.3519989365591,38.577980126948255,12.940746402578842
2025-02-03,38.091573682185455,38.3257774729411,13.09868344011911
2025-02-04,38.3827977001562,38.51906012163914,12.896739672305493
2025-02-05,38.759061269074174,37.92823805898514,12.973751282645393
2025-02-06,38.73037340018472,37.94695870167568,12.913972819633196
2025-02-07,38.753599547247696,37.54847945137074,13.006641476771478
2025-02-10,39.05431098619492,37.422501446639664,13.059436223857155
2025-02-11,39.04280451338984,36.969486709289455,13.115593662751317
2025-02-12,39.08446035534341,37.082338902147974,13.134778573322725
2025-02-13,39.223918783723946,37.2459941285487,13.027077558919522
2025-02-14,39.35870100049204,37.23142529112678,12.973593570608493
2025-02-18,39.60162880832066,37.01941160117091,13.056632160787585
2025-02-19,39.511852903267915,36.91122966733559,13.09448060953127
2025-02-20,39.55077165044727,36.745961532160294,13.147547429470166
2025-02-21,39.14891489148914,36.4019735306864,13.379671300463377
2025-02-24,38.76525845180087,36.43107114750255,13.37385509284841
2025-02-25,38.45415993537964,36.4213112547119,13.3733844911147
2025-02-26,38.85356746392169,36.25323779728866,13.422141487536582
2025-02-27,38.04632082727972,36.30971711819503,13.337321596444749
2025-02-28,37.956511494833215,36.345888451311055,13.332660136658925
2025-03-03,37.458245541908624,36.312246261370056,13.589256042619525
2025-03-04,37.87747460389003,36.0988801442291,13.528412439760082
2025-03-05,38.00123486433644,36.25870407848249,13.290227420848627
2025-03-06,37.61415026802395,35.97806917986415,13.249288470604666
2025-03-07,37.946242533685236,35.711557160716765,13.42026670370885
2025-03-10,37.32741089585786,35.37942844910628,13.93913446787256
2025-03-11,37.487408260181326,35.32702547129084,13.92466541948482
2025-03-12,37.876429223254064,35.34453450713046,13.808220158534185
2025-03-13,37.659134597947116,34.92800406223931,14.029233615030288
2025-03-14,38.012828485634586,34.94962776070077,14.013610277002897
2025-03-17,37.984660142819365,34.73684210526316,13.964559640306797
2025-03-18,37.815051156821504,34.49074899290578,14.019108053188836
2025-03-19,37.894309946573095,34.77333239292579,13.91920723643609
2025-03-20,37.73364692567508,34.791066155016004,14.01616297370422
2025-03-21,37.937515514734564,35.010106741373804,13.963261108549949
2025-03-24,37.909350613154956,35.58563266443701,13.61656911928651
2025-03-25,37.943558196920726,35.78354707538317,13.366697945991032
2025-03-26,37.54550730755025,35.742802370776836,13.617896902864981
2025-03-27,37.2980884531283,35.86090146011145,13.650631304225152
2025-03-28,37.141417413526256,35.460533419717095,14.033761652809273
2025-03-31,36.911635889093475,35.29916516205152,14.095711399917768
2025-04-01,37.07684902935986,35.56696436529583,14.091662655756993
2025-04-02,37.116488344079926,36.01466732799546,14.06858924395947
2025-04-03,36.376001490590646,35.593441401155204,14.70467672815353
2025-04-04,36.092859404686514,36.17598163394554,14.750237492083599
2025-04-07,36.37336928506285,35.81228438875451,14.550537293310601
2025-04-08,36.20085401224621,35.518047051240735,14.721640348050274
2025-04-09,37.15868907440487,35.6421566840436,13.847471838430971
2025-04-10,37.05249914217087,35.81913149567273,14.373403484692515
2025-04-11,37.14836873056897,35.5320822564333,14.293740869760644
2025-04-14,37.127170203294256,35.29269921353317,14.41052084879062
2025-04-15,37.36723647253585,35.136995219582964,14.449135990773982
2025-04-16,36.888863523950846,35.04927139215463,14.64444698093825
2025-04-17,36.63684200528106,35.21969567447427,14.773655515662695
2025-04-21,36.56106484004047,35.11520199268311,14.775823149373396
2025-04-22,36.50260787102893,35.30772878141299,14.793741109530584
2025-04-23,36.98778529005267,35.5459265623249,14.629636547009826
2025-04-24,37.57705463791179,35.506411311712306,14.349997256214673
2025-04-25,37.85958157780038,35.885515037047796,14.203472323114921
2025-04-28,37.7834256149587,35.884542071344285,14.285195606789506
2025-04-29,37.721893491124256,35.91246933179391,14.305816135084426
2025-04-30,37.863815053918565,35.57182529664226,14.228008800086561
2025-05-01,38.14887102261536,35.516679499346424,14.169069063691872
2025-05-02,38.218999223657285,35.540616839579364,14.071211800409344
2025-05-05,38.235346311511776,35.36583201717804,14.116874589625738
2025-05-06,38.23729420186113,35.352541159627776,14.409448818897639
2025-05-07,38.458522676646176,35.47892720306513,14.390091775817519
2025-05-08,38.556967401691864,35.64931157753159,14.17548578911974
2025-05-09,38.55831590884927,35.866676117234285,14.21837899138817
2025-05-12,39.05727370966912,36.44487898591742,13.681195217756736
2025-05-13,39.63942471542499,36.684615908935996,13.572694431190785
2025-05-14,39.84581085450739,36.77904661413571,13.495804897973077
2025-05-15,39.706330657453506,36.51898519798123,13.71642448260678
2025-05-16,39.5304611242006,36.632446987546274,13.830360148098283
2025-05-19,39.43010843069681,36.5066823568967,13.874085904009414
2025-05-20,39.41469174327401,36.43923420764105,13.961373028590703
2025-05-21,39.337062073225134,36.312321998421574,13.941598325498406
2025-05-22,39.33183556569312,36.4540636951414,13.737158929153303
2025-05-23,39.16527084664399,36.37478199305831,13.99734074700834
2025-05-27,39.279370718091855,36.686120274042125,13.815444472638081
2025-05-28,39.34459700883058,36.5610059040716,13.701869906249467
2025-05-29,39.255995254639444,36.432505719854255,13.742903143801374
2025-05-30,39.17779399039685,36.27479258216122,13.899116035222859
2025-06-02,39.30252568709824,36.15596160010798,13.865127971520645
2025-06-03,39.66682883457195,36.142193292959114,13.8234159271251
2025-06-04,39.73621062876513,36.05624821707248,13.58548822848321
2025-06-05,39.816204367254024,35.31742686114156,13.629542197116601
2025-06-06,39.78368995560304,35.412424475080954,13.551089895516908
2025-06-09,39.94296958377802,35.664020811099256,13.452174493062968
2025-06-10,39.939974796046954,35.88744445181402,13.407839755919612
2025-06-11,39.96607689237728,35.705733670347215,13.454503126247172
2025-06-12,40.177225672877846,35.39710144927536,13.563561076604556
2025-06-13,40.061976549413735,35.46733668341709,13.638190954773869
2025-06-16,40.32654144819805,35.5113824915378,13.443286652950157
2025-06-17,40.38625675698292,35.1999062808562,13.447023580406004
2025-06-18,40.440881092662025,35.22194697375468,13.484199250133905
2025-06-20,40.47586996028808,35.45130241636939,13.592919162684257
2025-06-23,40.46988252936766,35.72440223277514,13.53661584603849
2025-06-24,40.746234219980884,35.530175681466105,13.446389136095455
2025-06-25,41.070957965476346,35.091909342469364,13.25932270391356
2025-06-26,41.033226012061384,35.13981728144867,13.265889813195614
2025-06-27,40.78157779187199,35.54829161991186,13.226325803776163
2025-06-30,40.98567613498422,35.175204337622404,13.216800194221898
2025-07-01,40.633044604549504,35.33716506111876,13.266413017080872
2025-07-02,40.876782980095086,35.45974695785317,13.092110564912563
2025-07-03,41.089932199053344,35.391134706409105,13.086861967506715
2025-07-07,41.07108332796288,35.187214023329254,13.212927756653995
2025-07-08,41.31444046813038,35.08721023954605,13.07992391269304
2025-07-09,41.31493766625004,35.08476749030542,13.12373810210557
2025-07-10,41.06292544182033,35.37279089834137,13.193889616822727
2025-07-11,41.0265867034412,35.507199897373404,13.22119239280331
2025-07-14,40.91483811078568,35.5708135273123,13.248827643603656
2025-07-15,41.45529945028451,35.212331629536756,13.178705757546533
2025-07-16,41.44532376405754,35.159078530005445,13.141200217871903
2025-07-17,41.567416088147255,35.06464556397682,13.115406661996051
2025-07-18,41.570795755122845,35.40106440613148,13.344912202428375
2025-07-21,41.54619336164257,35.50105762043355,13.362596816005853
2025-07-22,41.15542410075375,35.85535731323347,13.524472855643543
2025-07-23,41.04161082291355,35.721606407972125,13.309471626117531
2025-07-24,41.20141231360928,35.118691087922834,13.287727373033636
2025-07-25,41.122272798618745,35.29587191963585,13.266363208287551
2025-07-28,41.460734135083364,35.510409143718405,13.128395139259585
2025-07-29,41.571954790164654,35.358750747725345,13.314233542171708
2025-07-30,41.71736594899599,35.17952274375059,13.430318696214103
2025-07-31,41.56752309834198,35.03195798000253,13.553664093152765
2025-08-01,41.34819532908705,34.75680370584829,13.800424628450106
2025-08-04,41.55615761205381,34.63884531901073,13.834624586086159
2025-08-05,41.42236094080927,34.85994553879962,13.757026609551412
2025-08-06,41.57053004203673,35.31401118872278,13.530768987641837
2025-08-07,41.64333728746541,35.33254250691973,13.689205219454328
2025-08-08,41.73388995260366,35.120374148592234,13.525220502840643
2025-08-11,41.53352622971443,35.28116744244559,13.509560951063026
2025-08-12,41.73240598111064,35.27983942491714,13.424823787518086
2025-08-13,41.605545131727894,35.64173735055591,13.408488269317248
2025-08-14,41.51174509651911,35.59810838049461,13.314210403907278
2025-08-15,41.29367151560363,35.59617058311575,13.306602014173816
2025-08-18,41.39126379605161,35.74692989274056,13.251981967977617
2025-08-19,40.89026429721324,35.92472765352214,13.453994154514623
2025-08-20,40.721819122094935,35.664697309241355,13.503941326730502
2025-08-21,40.73794351349226,35.59594052395563,13.465502320824482
2025-08-22,40.66572655003022,36.122173838930124,13.333126714292357
2025-08-25,40.753653867106635,36.20869456939623,13.24108518685697
2025-08-26,40.76973153946308,36.22357244714489,13.215326430652862
2025-08-27,40.89664877905448,36.14895689961802,13.188376660532297
2025-08-28,41.074400542439754,36.08303026567219,13.041669235036677
2025-08-29,40.68676846756066,35.925897217269984,13.07185489496938
2025-09-02,40.57663173348744,35.92390710169147,13.125712590001095
2025-09-03,40.59868891167241,35.87473203467238,13.022338211079006
2025-09-04,40.46093172294799,36.22750801084545,12.899001725412868
2025-09-05,40.61244669674309,36.325010815153576,12.89629812743341
2025-09-08,40.81654670714979,36.37624647442319,12.733689872539802
2025-09-09,40.80082419694616,36.24160041824919,12.791967155136621
2025-09-10,41.42070805415433,35.70475767007559,12.97434875270235
2025-09-11,41.21770600489637,36.09932636893085,12.935845384182596
2025-09-12,41.20411919502289,36.29850473829118,13.005582513195723
2025-09-15,41.35510129972311,36.41948222904783,12.966969784085581
2025-09-16,41.26818181818182,36.693939393939395,12.748484848484848
2025-09-17,41.1769167753876,36.64704633028915,12.796201341060105
2025-09-18,41.69359466070728,36.31202246851689,12.745749403557516
2025-09-19,42.02501130028627,36.37034804881723,12.799457586258853
2025-09-22,42.387979125427385,36.01763541479215,12.776678063703436
2025-09-23,42.25207701934531,35.87400672486844,12.912953664751736
2025-09-24,42.125245802450465,36.242625926486156,13.04643775525639
2025-09-25,42.24602993693489,35.89696831547755,12.980776536737332
2025-09-26,42.132301834335614,36.21981807742286,13.116859569067119
2025-09-29,42.23872950819672,36.27651880424301,13.117767598842816
2025-09-30,42.30988621693837,35.97225974961722,13.091056471223993
2025-10-01,42.57910090507891,36.074500710599146,13.172264193282967
2025-10-02,42.76022832551329,35.77298945040495,13.1331998445952
2025-10-03,42.545688199518835,35.54340192166883,13.285814617235248
2025-10-06,42.82247137475619,35.72013519751046,13.366388231265166
2025-10-07,42.69488283118125,35.2253706360593,13.477403156384508
2025-10-08,43.18610628277696,35.12055978963319,13.489622795679754
2025-10-09,43.23857202455451,35.046784671315336,13.494546754872161
2025-10-10,42.63115984196502,35.02955499065878,13.812746929649936
2025-10-13,43.00947152509653,35.270873552123554,13.708071911196912
2025-10-14,42.509400057381875,35.38800718783504,13.847152801896623
2025-10-15,42.74095344047387,35.28270968323887,13.966354465775668
2025-10-16,43.06581496730443,35.18103657059821,13.909239525308791
2025-10-17,42.89799665858908,35.283493129035655,13.782567467902886
2025-10-20,42.93013555787279,35.19737822136154,13.636228213913304
2025-10-21,42.95312011202312,35.62841692860016,13.497892118160557
2025-10-22,42.750823599880206,35.534591194968556,13.536987121892786
2025-10-23,43.03471477908777,35.48439919018697,13.446766702393711
2025-10-24,43.348837209302324,35.09191583610188,13.494278331487633
2025-10-27,43.63434709007063,35.181834101920494,13.373416613157435
2025-10-28,43.94958227811254,35.0973714086106,13.118213838674933
2025-10-29,44.24416997628712,34.79102110883196,13.107551753735141
2025-10-30,44.1860465116279,34.38359589897474,13.19741700130915
2025-10-31,44.08409817318125,35.17725713280357,13.063366859220595
2025-11-03,44.181520180290924,35.440629847513684,13.04621418327626
2025-11-04,43.53118891060956,35.270422368343105,13.155322551981516
2025-11-05,43.55057705363204,35.576610879896094,13.112842763954069
2025-11-06,43.13824946666468,35.13150631797228,13.196879055959181
2025-11-07,42.94677854449528,35.152093238147756,13.36721462956615
2025-11-10,43.36845503639351,35.06691711669406,13.157431321906548
2025-11-11,42.900439238653,35.07320644216691,13.134699853587115
2025-11-12,43.009745675905066,34.818109982732885,13.158125786531652
2025-11-13,42.64478304862806,34.52175465746087,13.195643116481165
2025-11-14,42.883931361897815,34.36221034929234,13.20970934472341
2025-11-17,42.609701503748106,34.3593672540448,13.45411390028092
2025-11-18,42.27214883044479,34.01102896618591,13.516543449278876
2025-11-19,42.402245597090385,33.88165341140606,13.351342378099393
2025-11-20,41.70689470215929,33.89269458875454,13.489034986897156
2025-11-21,41.4548654841206,34.216955222068805,13.375718859535986
2025-11-24,41.82704529481255,34.17074155488762,13.331239812779447
2025-11-25,41.54839856596841,34.576753281384256,13.156647210453023
2025-11-26,41.752000941619585,34.57509416195857,13.240054143126176
2025-11-28,41.880917192232836,34.60542296492486,13.259632128067429
2025-12-01,42.09358049009953,34.780307818954235,13.011010334132036
2025-12-02,42.44860827843235,34.69253004269805,12.894516749079276
2025-12-03,42.403018029215225,34.94567839857287,12.809077483220985
2025-12-04,42.52984409474131,34.79594967781528,12.773418664796388
2025-12-05,21.379923872303806,17.461243419037757,6.314806982747305
2025-12-08,21.595014847212674,17.259336190629433,6.248994339043049
2025-12-09,21.67076598735067,17.272780510658237,6.258784258608574
2025-12-10,21.63125209069622,17.41059092165161,6.214639963930944
2025-12-11,21.47075467591451,17.438367891811893,6.2451934936227635
2025-12-12,21.076331846984274,17.70417742314011,6.282269420323868
2025-12-15,20.904029497745068,17.88227344174636,6.349066443376962
2025-12-16,20.999602280259843,17.960728858249738,6.339947265308528
2025-12-17,20.76109621686029,17.95055108728031,6.368781650282991
2025-12-18,20.923322542019598,18.085059204399307,6.383135985335639
2025-12-19,21.246271617273248,17.90358365535785,6.263682980943005
2025-12-22,21.196501321495845,17.864287487405633,6.2015390680898905
2025-12-23,21.21489621489621,17.75829990115704,6.195127623699052
2025-12-24,21.191228019351662,17.756887511225703,6.200932819606594
2025-12-26,21.226695252857414,17.680462400950297,6.1972157436514035
2025-12-29,21.20665842843643,17.569237479101545,6.2310096678054805
2025-12-30,21.165630776844587,17.519395641984833,6.253184087567868
2025-12-31,21.112447207883626,17.510851712810886,6.260265133740028
2026-01-02,21.12212187303307,17.32365297071007,6.320535152304697
2026-01-05,21.028907113360088,17.49258419124062,6.208922235793637
2026-01-06,21.19801679651928,17.500469782165624,6.202570069816858
2026-01-07,21.24916615911134,17.532411032802575,6.071811827489196
2026-01-08,20.91920349233514,17.82715261562559,6.089831909616975
2026-01-09,21.056953909548028,17.924705000936502,6.124742461135043
2026-01-12,21.116002071465562,17.912423039300304,6.12520858507394
2026-01-13,21.113625553137204,17.903628003517017,6.176398518240916
2026-01-14,20.960078799466945,17.708152268381713,6.25325916912915
2026-01-15,21.012943487807696,17.72506645094187,6.299838206402404
2026-01-16,21.053696903102683,17.682098140704973,6.273313477720268
2026-01-20,20.9333215266094,17.58021193069453,6.340210750022138
2026-01-21,20.981908374671725,17.71228479719872,6.276626787277503
2026-01-22,21.02818659467619,17.79732357978461,6.1990188394438155
2026-01-23,21.05102795873656,17.864863688463934,6.1750068917487635
2026-01-26,21.08758102002223,17.657673263753555,6.188558312762547
2026-01-27,21.287150066859336,17.64080001150268,6.244518253317804
2026-01-28,21.458974432716918,17.510281556469472,6.230767018492422
2026-01-29,21.16160451847156,17.461529594836033,6.24315601406259
2026-01-30,20.792808936803617,17.5108747489053,6.250270965504284
2026-02-02,20.888396773126644,17.539293366503212,6.128758574078601
2026-02-03,20.60533986918626,17.546734732353922,6.270938175278813
2026-02-04,20.128535828269136,17.50244101487926,6.278144537227298
2026-02-05,20.015642985744222,17.341577875505447,6.360497033735722
2026-02-06,20.4352610697634,17.08464857664128,6.276968521039067
2026-02-09,20.657107860796884,16.9392607536566,6.265581093738741
2026-02-10,20.596139397792292,17.096746228977633,6.386175807663412
2026-02-11,20.661598936354704,17.01832475865657,6.444014104861553
2026-02-12,20.433895518663675,17.046105068475054,6.642006840166161
2026-02-13,20.47084708470847,17.041437477081043,6.820682068206821
2026-02-17,20.426155085304238,16.993483195430915,6.792121256498499
2026-02-18,20.53213656034621,17.05110084658089,6.64587856445526
2026-02-19,20.48416316035531,16.98223468910706,6.736500701262271
2026-02-20,20.43427178973935,17.035812192680915,6.720044094396821
2026-02-23,20.299242368733424,16.851067571330177,6.840662963994197
2026-02-24,20.414635920564486,16.98406925147305,6.866952789699571
2026-02-25,20.631897857606578,16.892447522181346,6.8325759215177095
2026-02-26,20.456985347453937,16.980995212534456,6.844624981865661
2026-02-27,20.227700112246534,17.035233749763115,6.957827373576873
2026-03-02,20.329846440747108,16.815758034907777,6.9014248666919205
2026-03-03,20.21078006261667,16.80948951244249,6.918701218526303
2026-03-04,20.410724971903143,16.988016872710286,6.899420547925211
2026-03-05,20.575068617809812,17.106750231172303,6.883797390321587
2026-03-06,20.41851334067045,17.020137422290965,6.951426276807758
2026-03-09,20.605363645745793,16.894452061863273,6.907278812272399
2026-03-10,20.63853037597094,16.899494964411236,6.875572225996043
2026-03-11,20.763532595034967,16.87637691659397,6.8265491697839815
2026-03-12,20.69483229739063,16.743236345074017,6.981353031258446
2026-03-13,20.655604040526057,16.738890818221623,7.090549457186429
2026-03-16,20.743464418635938,16.77054840590108,7.063958267940153
2026-03-17,20.80233754230087,16.872642704870376,7.0260439183649135
2026-03-18,20.85783832000363,16.71681054684547,7.064995539966436
2026-03-19,20.980600181873296,16.6262503789027,7.053652622006669
2026-03-20,20.859737576514483,16.61193086328384,6.884376397304839
2026-03-23,20.89627391742195,16.802465745063934,6.83267722542647
2026-03-24,20.844177715178056,16.79169601028813,6.903150739459261
2026-03-25,20.821534058037205,16.858500045674614,6.889254285801284
2026-03-26,20.53976964454572,16.870514191818195,7.026926475375528
2026-03-27,20.489205002444443,16.66640382280118,7.189831096532038
2026-03-30,20.17500830735636,16.71914806082567,7.266167697833757
2026-03-31,20.43546452624781,16.757388442968292,7.056309007596026
2026-04-01,20.589402356388497,16.75721872901532,7.037116171173921
2026-04-02,20.73555647042679,16.4905539545309,7.065855480841071
2026-04-06,20.757895375836586,16.548040004249316,7.0068140773678556
2026-04-07,20.84736506780741,16.348108370498466,7.018901125572646
2026-04-08,20.959749116137335,16.393248620582533,6.920015976095028
2026-04-09,20.89541262814196,16.581606389080907,6.934741362827433
2026-04-10,20.990198098489977,16.614664586583462,6.9113707944544185
2026-04-13,21.22285381139776,16.60399358694068,6.761405042996647
2026-04-14,21.302882815424933,16.766984419549,6.691530109725543
2026-04-15,21.47326913735463,16.88430436894591,6.574849272794811
2026-04-16,21.66576404526409,16.764529829262038,6.6057634751874135
2026-04-17,21.735150815332187,16.95581153012082,6.500126735573267
2026-04-20,21.808330511344394,16.913590698724462,6.455299695225195
2026-04-21,21.970514714237016,16.897227587774115,6.384217702533802
2026-04-22,22.22831512492794,16.7222058182534,6.308966409358698
2026-04-23,21.997318088785374,16.619380337356198,6.505751993789258
2026-04-24,22.441661764293915,16.624646328823147,6.468330672045269
2026-04-27,22.45200441852986,16.477201224883594,6.458604247941049
2026-04-28,22.179600668830528,16.44114712866557,6.498615970436567
2026-04-29,22.360100059023583,16.4197981955648,6.419517130891818
2026-04-30,22.194083433055965,16.46814905518604,6.519077171402332
2026-05-01,22.46166655103032,16.46152778741414,6.459446333171442
2026-05-04,22.56932354702581,16.395314828484285,6.458127324131975
2026-05-05,22.88434171076447,16.313193417798473,6.406731420202551
2026-05-06,23.17021653516482,16.334845945246173,6.228963111347315
2026-05-07,23.195002597118563,16.386451242516195,6.1674731403264165
2026-05-08,23.79545023182669,16.29565358856864,6.062742333450828
