date,usd_cny_proxy
2021-05-10,6.4134
2021-05-11,6.4237
2021-05-12,6.4409
2021-05-13,6.4539
2021-05-14,6.436
2021-05-17,6.4421
2021-05-18,6.4229
2021-05-19,6.4358
2021-05-20,6.438
2021-05-21,6.432
2021-05-24,6.427
2021-05-25,6.4057
2021-05-26,6.3905
2021-05-27,6.3788
2021-05-28,6.3764
2021-05-31,6.3701
2021-06-01,6.3839
2021-06-02,6.3854
2021-06-03,6.3929
2021-06-04,6.4098
2021-06-07,6.3966
2021-06-08,6.3978
2021-06-09,6.3861
2021-06-10,6.393
2021-06-11,6.3933
2021-06-14,6.3987
2021-06-15,6.4009
2021-06-16,6.399
2021-06-17,6.4402
2021-06-18,6.4397
2021-06-21,6.4684
2021-06-22,6.475
2021-06-23,6.4759
2021-06-24,6.4672
2021-06-25,6.4551
2021-06-28,6.4586
2021-06-29,6.4615
2021-06-30,6.4576
2021-07-01,6.466
2021-07-02,6.4784
2021-07-05,6.4619
2021-07-06,6.466
2021-07-07,6.4642
2021-07-08,6.4903
2021-07-09,6.4795
2021-07-12,6.4758
2021-07-13,6.4672
2021-07-14,6.4568
2021-07-15,6.4615
2021-07-16,6.4712
2021-07-19,6.4885
2021-07-20,6.4803
2021-07-21,6.4731
2021-07-22,6.4673
2021-07-23,6.4778
2021-07-26,6.4839
2021-07-27,6.5029
2021-07-28,6.498
2021-07-29,6.4593
2021-07-30,6.4619
2021-08-02,6.462
2021-08-03,6.4634
2021-08-04,6.4613
2021-08-05,6.4603
2021-08-06,6.469
2021-08-09,6.4782
2021-08-10,6.4814
2021-08-11,6.4854
2021-08-12,6.4772
2021-08-13,6.48
2021-08-16,6.4766
2021-08-17,6.4795
2021-08-18,6.4809
2021-08-19,6.4895
2021-08-20,6.4994
2021-08-23,6.4849
2021-08-24,6.4772
2021-08-25,6.4784
2021-08-26,6.483
2021-08-27,6.4786
2021-08-30,6.4695
2021-08-31,6.4615
2021-09-01,6.467
2021-09-02,6.4581
2021-09-03,6.4484
2021-09-06,6.4574
2021-09-07,6.4646
2021-09-08,6.4578
2021-09-09,6.454
2021-09-10,6.4376
2021-09-13,6.4566
2021-09-14,6.4473
2021-09-15,6.4334
2021-09-16,6.4481
2021-09-17,6.4553
2021-09-20,6.4662
2021-09-21,6.47
2021-09-22,6.4669
2021-09-23,6.4569
2021-09-24,6.4684
2021-09-27,6.4634
2021-09-28,6.4594
2021-09-29,6.4653
2021-09-30,6.464
2021-10-01,6.4466
2021-10-04,6.4466
2021-10-05,6.4476
2021-10-06,6.4466
2021-10-07,6.4466
2021-10-08,6.4475
2021-10-11,6.4493
2021-10-12,6.4493
2021-10-13,6.442
2021-10-14,6.4371
2021-10-15,6.4354
2021-10-18,6.4303
2021-10-19,6.389
2021-10-20,6.3927
2021-10-21,6.3988
2021-10-22,6.3918
2021-10-25,6.3899
2021-10-26,6.3801
2021-10-27,6.3924
2021-10-28,6.3977
2021-10-29,6.3966
2021-11-01,6.3981
2021-11-02,6.3983
2021-11-03,6.3985
2021-11-04,6.3949
2021-11-05,6.403
2021-11-08,6.395
2021-11-09,6.391
2021-11-10,6.3909
2021-11-11,6.3955
2021-11-12,6.3808
2021-11-15,6.3819
2021-11-16,6.3887
2021-11-17,6.3777
2021-11-18,6.3833
2021-11-19,6.3905
2021-11-22,6.3819
2021-11-23,6.3898
2021-11-24,6.3894
2021-11-25,6.3865
2021-11-26,6.39
2021-11-29,6.3854
2021-11-30,6.3711
2021-12-01,6.3695
2021-12-02,6.376
2021-12-03,6.371
2021-12-06,6.3778
2021-12-07,6.3674
2021-12-08,6.348
2021-12-09,6.3756
2021-12-10,6.3704
2021-12-13,6.3643
2021-12-14,6.3627
2021-12-15,6.3657
2021-12-16,6.3676
2021-12-17,6.3755
2021-12-20,6.3765
2021-12-21,6.3714
2021-12-22,6.371
2021-12-23,6.371
2021-12-24,6.3678
2021-12-27,6.3726
2021-12-28,6.3683
2021-12-29,6.3695
2021-12-30,6.3729
2021-12-31,6.3524
2022-01-03,6.3561
2022-01-04,6.3768
2022-01-05,6.3687
2022-01-06,6.3798
2022-01-07,6.3781
2022-01-10,6.3729
2022-01-11,6.3739
2022-01-12,6.3658
2022-01-13,6.3607
2022-01-14,6.3535
2022-01-17,6.3494
2022-01-18,6.3528
2022-01-19,6.3467
2022-01-20,6.3447
2022-01-21,6.34
2022-01-24,6.3281
2022-01-25,6.3299
2022-01-26,6.322
2022-01-27,6.3675
2022-01-28,6.3617
2022-01-31,6.361
2022-02-01,6.361
2022-02-02,6.361
2022-02-03,6.3614
2022-02-04,6.361
2022-02-07,6.3604
2022-02-08,6.3671
2022-02-09,6.3628
2022-02-10,6.3574
2022-02-11,6.3558
2022-02-14,6.3571
2022-02-15,6.3437
2022-02-16,6.3402
2022-02-17,6.3377
2022-02-18,6.3273
2022-02-21,6.3354
2022-02-22,6.3279
2022-02-23,6.3178
2022-02-24,6.3246
2022-02-25,6.3149
2022-02-28,6.3104
2022-03-01,6.3127
2022-03-02,6.3167
2022-03-03,6.3196
2022-03-04,6.3194
2022-03-07,6.319
2022-03-08,6.317
2022-03-09,6.318
2022-03-10,6.3211
2022-03-11,6.336
2022-03-14,6.363
2022-03-15,6.3795
2022-03-16,6.3505
2022-03-17,6.3502
2022-03-18,6.3618
2022-03-21,6.3555
2022-03-22,6.3622
2022-03-23,6.3726
2022-03-24,6.3703
2022-03-25,6.3631
2022-03-28,6.3708
2022-03-29,6.3645
2022-03-30,6.3514
2022-03-31,6.342
2022-04-01,6.3618
2022-04-04,6.3631
2022-04-05,6.3618
2022-04-06,6.3625
2022-04-07,6.362
2022-04-08,6.3636
2022-04-11,6.3674
2022-04-12,6.3713
2022-04-13,6.3679
2022-04-14,6.3725
2022-04-19,6.3879
2022-04-20,6.4126
2022-04-21,6.4506
2022-04-22,6.502
2022-04-25,6.5511
2022-04-26,6.5427
2022-04-27,6.5555
2022-04-28,6.6172
2022-04-29,6.5883
2022-05-02,6.6085
2022-05-03,6.6085
2022-05-04,6.6085
2022-05-05,6.6185
2022-05-06,6.6704
2022-05-09,6.7133
2022-05-10,6.7242
2022-05-11,6.7178
2022-05-12,6.792
2022-05-13,6.7899
2022-05-16,6.792
2022-05-17,6.726
2022-05-18,6.7445
2022-05-19,6.7485
2022-05-20,6.6785
2022-05-23,6.647
2022-05-24,6.665
2022-05-25,6.6943
2022-05-26,6.7331
2022-05-27,6.6994
2022-05-30,6.6643
2022-05-31,6.665
2022-06-01,6.6828
2022-06-02,6.6732
2022-06-03,6.6603
2022-06-06,6.6402
2022-06-07,6.6729
2022-06-08,6.6845
2022-06-09,6.6762
2022-06-10,6.6996
2022-06-13,6.7369
2022-06-14,6.7372
2022-06-15,6.712
2022-06-16,6.7158
2022-06-17,6.7049
2022-06-20,6.6888
2022-06-21,6.6995
2022-06-22,6.7108
2022-06-23,6.7061
2022-06-24,6.6969
2022-06-27,6.691
2022-06-28,6.7015
2022-06-29,6.6922
2022-06-30,6.703
2022-07-01,6.7022
2022-07-04,6.6932
2022-07-05,6.7084
2022-07-06,6.7101
2022-07-07,6.7024
2022-07-08,6.7003
2022-07-11,6.7135
2022-07-12,6.7236
2022-07-13,6.7271
2022-07-14,6.7584
2022-07-15,6.7544
2022-07-18,6.7383
2022-07-19,6.7412
2022-07-20,6.7548
2022-07-21,6.7693
2022-07-22,6.7568
2022-07-25,6.7501
2022-07-26,6.7613
2022-07-27,6.7508
2022-07-28,6.7501
2022-07-29,6.7371
2022-08-01,6.7532
2022-08-02,6.7603
2022-08-03,6.752
2022-08-04,6.7546
2022-08-05,6.7495
2022-08-08,6.7586
2022-08-09,6.7526
2022-08-10,6.752
2022-08-11,6.739
2022-08-12,6.743
2022-08-15,6.7729
2022-08-16,6.7878
2022-08-17,6.7805
2022-08-18,6.7852
2022-08-19,6.8163
2022-08-22,6.845
2022-08-23,6.8452
2022-08-24,6.8673
2022-08-25,6.8523
2022-08-26,6.8623
2022-08-29,6.9141
2022-08-30,6.8998
2022-08-31,6.8947
2022-09-01,6.8989
2022-09-02,6.9079
2022-09-05,6.9323
2022-09-06,6.9592
2022-09-07,6.977
2022-09-08,6.9501
2022-09-09,6.9204
2022-09-12,6.9274
2022-09-13,6.9255
2022-09-14,6.962
2022-09-15,6.9908
2022-09-16,7.011
2022-09-19,7.0136
2022-09-20,7.0128
2022-09-21,7.0484
2022-09-22,7.0623
2022-09-23,7.1193
2022-09-26,7.161
2022-09-27,7.1709
2022-09-28,7.2346
2022-09-29,7.132
2022-09-30,7.1161
2022-10-03,7.116
2022-10-04,7.116
2022-10-05,7.116
2022-10-06,7.116
2022-10-07,7.116
2022-10-10,7.1511
2022-10-11,7.1654
2022-10-12,7.1711
2022-10-13,7.1819
2022-10-14,7.1989
2022-10-17,7.2009
2022-10-18,7.1993
2022-10-19,7.2277
2022-10-20,7.2223
2022-10-21,7.246
2022-10-24,7.2626
2022-10-25,7.3088
2022-10-26,7.1783
2022-10-27,7.2285
2022-10-28,7.2514
2022-10-31,7.3008
2022-11-01,7.255
2022-11-02,7.2826
2022-11-03,7.3174
2022-11-04,7.1813
2022-11-07,7.224
2022-11-08,7.2524
2022-11-09,7.253
2022-11-10,7.2518
2022-11-11,7.1078
2022-11-14,7.0652
2022-11-15,7.0453
2022-11-16,7.0803
2022-11-17,7.1576
2022-11-18,7.1185
2022-11-21,7.1656
2022-11-22,7.1388
2022-11-23,7.1653
2022-11-24,7.1489
2022-11-25,7.1735
2022-11-28,7.1993
2022-11-29,7.1666
2022-11-30,7.0776
2022-12-01,7.0753
2022-12-02,7.0195
2022-12-05,6.9494
2022-12-06,6.9888
2022-12-07,6.9784
2022-12-08,6.9706
2022-12-09,6.9585
2022-12-12,6.975
2022-12-13,6.9831
2022-12-14,6.9499
2022-12-15,6.968
2022-12-16,6.9721
2022-12-19,6.9731
2022-12-20,6.9724
2022-12-21,6.9781
2022-12-22,6.981
2022-12-23,6.9853
2022-12-27,6.9648
2022-12-28,6.9759
2022-12-29,6.9632
2022-12-30,6.8987
2023-01-02,6.8986
2023-01-03,6.9097
2023-01-04,6.886
2023-01-05,6.8732
2023-01-06,6.8614
2023-01-09,6.7825
2023-01-10,6.7828
2023-01-11,6.7746
2023-01-12,6.749
2023-01-13,6.7254
2023-01-16,6.7324
2023-01-17,6.7761
2023-01-18,6.7527
2023-01-19,6.7891
2023-01-20,6.7823
2023-01-23,6.7823
2023-01-24,6.7823
2023-01-25,6.7823
2023-01-26,6.7823
2023-01-27,6.7823
2023-01-30,6.7505
2023-01-31,6.7569
2023-02-01,6.7424
2023-02-02,6.7235
2023-02-03,6.7376
2023-02-06,6.7827
2023-02-07,6.7858
2023-02-08,6.7854
2023-02-09,6.7767
2023-02-10,6.8136
2023-02-13,6.8248
2023-02-14,6.8142
2023-02-15,6.8438
2023-02-16,6.8552
2023-02-17,6.8782
2023-02-20,6.8569
2023-02-21,6.8803
2023-02-22,6.8928
2023-02-23,6.8978
2023-02-24,6.944
2023-02-27,6.9526
2023-02-28,6.9369
2023-03-01,6.8653
2023-03-02,6.9104
2023-03-03,6.9078
2023-03-06,6.9324
2023-03-07,6.9362
2023-03-08,6.9526
2023-03-09,6.9656
2023-03-10,6.952
2023-03-13,6.8572
2023-03-14,6.8695
2023-03-15,6.9073
2023-03-16,6.8943
2023-03-17,6.8829
2023-03-20,6.8806
2023-03-21,6.8725
2023-03-22,6.8834
2023-03-23,6.8308
2023-03-24,6.8707
2023-03-27,6.8812
2023-03-28,6.877
2023-03-29,6.8848
2023-03-30,6.8802
2023-03-31,6.8748
2023-04-03,6.8843
2023-04-04,6.8832
2023-04-05,6.8798
2023-04-06,6.8726
2023-04-11,6.8849
2023-04-12,6.8836
2023-04-13,6.8777
2023-04-14,6.8519
2023-04-17,6.8694
2023-04-18,6.8753
2023-04-19,6.8971
2023-04-20,6.8803
2023-04-21,6.8882
2023-04-24,6.893
2023-04-25,6.9215
2023-04-26,6.9231
2023-04-27,6.9239
2023-04-28,6.9191
2023-05-02,6.9121
2023-05-03,6.9121
2023-05-04,6.9115
2023-05-05,6.9105
2023-05-08,6.9174
2023-05-09,6.9215
2023-05-10,6.924
2023-05-11,6.9366
2023-05-12,6.9521
2023-05-15,6.953
2023-05-16,6.9656
2023-05-17,6.9962
2023-05-18,7.027
2023-05-19,7.0102
2023-05-22,7.0289
2023-05-23,7.0544
2023-05-24,7.0473
2023-05-25,7.0695
2023-05-26,7.0574
2023-05-29,7.0761
2023-05-30,7.0728
2023-05-31,7.1072
2023-06-01,7.111
2023-06-02,7.0673
2023-06-05,7.1152
2023-06-06,7.1179
2023-06-07,7.1135
2023-06-08,7.1287
2023-06-09,7.1279
2023-06-12,7.1424
2023-06-13,7.1497
2023-06-14,7.1573
2023-06-15,7.1625
2023-06-16,7.122
2023-06-19,7.1582
2023-06-20,7.1766
2023-06-21,7.1884
2023-06-22,7.1794
2023-06-23,7.1794
2023-06-26,7.2332
2023-06-27,7.2118
2023-06-28,7.2465
2023-06-29,7.2353
2023-06-30,7.2688
2023-07-03,7.249
2023-07-04,7.2185
2023-07-05,7.2431
2023-07-06,7.2319
2023-07-07,7.2348
2023-07-10,7.2372
2023-07-11,7.202
2023-07-12,7.1923
2023-07-13,7.1631
2023-07-14,7.1363
2023-07-17,7.1645
2023-07-18,7.1741
2023-07-19,7.2192
2023-07-20,7.1662
2023-07-21,7.1797
2023-07-24,7.1872
2023-07-25,7.141
2023-07-26,7.1534
2023-07-27,7.147
2023-07-28,7.157
2023-07-31,7.1494
2023-08-01,7.1668
2023-08-02,7.1761
2023-08-03,7.1713
2023-08-04,7.1863
2023-08-07,7.1901
2023-08-08,7.214
2023-08-09,7.2055
2023-08-10,7.2088
2023-08-11,7.2323
2023-08-14,7.2604
2023-08-15,7.2858
2023-08-16,7.2973
2023-08-17,7.2832
2023-08-18,7.2878
2023-08-21,7.2842
2023-08-22,7.2919
2023-08-23,7.2925
2023-08-24,7.2817
2023-08-25,7.2893
2023-08-28,7.2929
2023-08-29,7.2943
2023-08-30,7.2889
2023-08-31,7.2871
2023-09-01,7.2555
2023-09-04,7.2704
2023-09-05,7.3041
2023-09-06,7.3035
2023-09-07,7.3285
2023-09-08,7.3398
2023-09-11,7.2949
2023-09-12,7.2916
2023-09-13,7.2807
2023-09-14,7.278
2023-09-15,7.2773
2023-09-18,7.2959
2023-09-19,7.2912
2023-09-20,7.2939
2023-09-21,7.3056
2023-09-22,7.304
2023-09-25,7.3101
2023-09-26,7.3095
2023-09-27,7.3112
2023-09-28,7.3049
2023-09-29,7.3015
2023-10-02,7.3015
2023-10-03,7.3015
2023-10-04,7.3015
2023-10-05,7.3015
2023-10-06,7.3049
2023-10-09,7.2912
2023-10-10,7.299
2023-10-11,7.3022
2023-10-12,7.2996
2023-10-13,7.3073
2023-10-16,7.3124
2023-10-17,7.3127
2023-10-18,7.3145
2023-10-19,7.3151
2023-10-20,7.3165
2023-10-23,7.3161
2023-10-24,7.31
2023-10-25,7.3167
2023-10-26,7.319
2023-10-27,7.3184
2023-10-30,7.3168
2023-10-31,7.3158
2023-11-01,7.319
2023-11-02,7.3172
2023-11-03,7.3064
2023-11-06,7.2706
2023-11-07,7.2842
2023-11-08,7.2813
2023-11-09,7.2852
2023-11-10,7.2895
2023-11-13,7.2909
2023-11-14,7.2894
2023-11-15,7.2416
2023-11-16,7.25
2023-11-17,7.2125
2023-11-20,7.1722
2023-11-21,7.1363
2023-11-22,7.1501
2023-11-23,7.1424
2023-11-24,7.1537
2023-11-27,7.1529
2023-11-28,7.1534
2023-11-29,7.1275
2023-11-30,7.1364
2023-12-01,7.1434
2023-12-04,7.1384
2023-12-05,7.1433
2023-12-06,7.1579
2023-12-07,7.1542
2023-12-08,7.1615
2023-12-11,7.1773
2023-12-12,7.1684
2023-12-13,7.1777
2023-12-14,7.1312
2023-12-15,7.1087
2023-12-18,7.1344
2023-12-19,7.1366
2023-12-20,7.1382
2023-12-21,7.1407
2023-12-22,7.1342
2023-12-27,7.1474
2023-12-28,7.1028
2023-12-29,7.1049
2024-01-02,7.1435
2024-01-03,7.1487
2024-01-04,7.1515
2024-01-05,7.1541
2024-01-08,7.1622
2024-01-09,7.1646
2024-01-10,7.1694
2024-01-11,7.1584
2024-01-12,7.1697
2024-01-15,7.1749
2024-01-16,7.1896
2024-01-17,7.1952
2024-01-18,7.1937
2024-01-19,7.1912
2024-01-22,7.1946
2024-01-23,7.1701
2024-01-24,7.1523
2024-01-25,7.1691
2024-01-26,7.1745
2024-01-29,7.1793
2024-01-30,7.1792
2024-01-31,7.1781
2024-02-01,7.1822
2024-02-02,7.1773
2024-02-05,7.198
2024-02-06,7.189
2024-02-07,7.1946
2024-02-08,7.1965
2024-02-09,7.1936
2024-02-12,7.1936
2024-02-13,7.1936
2024-02-14,7.1936
2024-02-15,7.1943
2024-02-16,7.1936
2024-02-19,7.1984
2024-02-20,7.1948
2024-02-21,7.1912
2024-02-22,7.1918
2024-02-23,7.197
2024-02-26,7.1968
2024-02-27,7.1979
2024-02-28,7.199
2024-02-29,7.1945
2024-03-01,7.1985
2024-03-04,7.1993
2024-03-05,7.1992
2024-03-06,7.1989
2024-03-07,7.1971
2024-03-08,7.1894
2024-03-11,7.182
2024-03-12,7.1775
2024-03-13,7.1924
2024-03-14,7.1912
2024-03-15,7.1961
2024-03-18,7.1981
2024-03-19,7.1992
2024-03-20,7.1983
2024-03-21,7.199
2024-03-22,7.2295
2024-03-25,7.2113
2024-03-26,7.2186
2024-03-27,7.2284
2024-03-28,7.2282
2024-04-02,7.2359
2024-04-03,7.2357
2024-04-04,7.2338
2024-04-05,7.2337
2024-04-08,7.2329
2024-04-09,7.2332
2024-04-10,7.2328
2024-04-11,7.237
2024-04-12,7.2375
2024-04-15,7.2386
2024-04-16,7.2384
2024-04-17,7.2388
2024-04-18,7.2379
2024-04-19,7.2411
2024-04-22,7.2434
2024-04-23,7.2469
2024-04-24,7.246
2024-04-25,7.2465
2024-04-26,7.2464
2024-04-29,7.2413
2024-04-30,7.241
2024-05-02,7.2411
2024-05-03,7.2411
2024-05-06,7.2069
2024-05-07,7.2178
2024-05-08,7.2281
2024-05-09,7.2264
2024-05-10,7.2249
2024-05-13,7.2344
2024-05-14,7.2344
2024-05-15,7.2205
2024-05-16,7.2179
2024-05-17,7.227
2024-05-20,7.2332
2024-05-21,7.2358
2024-05-22,7.2404
2024-05-23,7.2395
2024-05-24,7.2437
2024-05-27,7.2438
2024-05-28,7.2452
2024-05-29,7.2493
2024-05-30,7.2363
2024-05-31,7.2408
2024-06-03,7.2461
2024-06-04,7.237
2024-06-05,7.2475
2024-06-06,7.2448
2024-06-07,7.2413
2024-06-10,7.2478
2024-06-11,7.2543
2024-06-12,7.2537
2024-06-13,7.2525
2024-06-14,7.2552
2024-06-17,7.2562
2024-06-18,7.256
2024-06-19,7.257
2024-06-20,7.2605
2024-06-21,7.2607
2024-06-24,7.2592
2024-06-25,7.2626
2024-06-26,7.2666
2024-06-27,7.2686
2024-06-28,7.2628
2024-07-01,7.2682
2024-07-02,7.2713
2024-07-03,7.2734
2024-07-04,7.2699
2024-07-05,7.2667
2024-07-08,7.2696
2024-07-09,7.272
2024-07-10,7.276
2024-07-11,7.265
2024-07-12,7.2529
2024-07-15,7.2619
2024-07-16,7.2668
2024-07-17,7.2592
2024-07-18,7.2577
2024-07-19,7.2695
2024-07-22,7.2732
2024-07-23,7.2747
2024-07-24,7.2764
2024-07-25,7.2188
2024-07-26,7.2514
2024-07-29,7.2588
2024-07-30,7.2514
2024-07-31,7.2215
2024-08-01,7.2484
2024-08-02,7.2058
2024-08-05,7.1171
2024-08-06,7.1526
2024-08-07,7.1805
2024-08-08,7.1723
2024-08-09,7.1705
2024-08-12,7.1798
2024-08-13,7.1632
2024-08-14,7.1356
2024-08-15,7.1579
2024-08-16,7.1637
2024-08-19,7.1414
2024-08-20,7.1447
2024-08-21,7.1344
2024-08-22,7.1388
2024-08-23,7.1364
2024-08-26,7.1228
2024-08-27,7.1266
2024-08-28,7.129
2024-08-29,7.0935
2024-08-30,7.088
2024-09-02,7.113
2024-09-03,7.1241
2024-09-04,7.1175
2024-09-05,7.0955
2024-09-06,7.0837
2024-09-09,7.1166
2024-09-10,7.119
2024-09-11,7.1117
2024-09-12,7.1206
2024-09-13,7.0963
2024-09-16,7.0963
2024-09-17,7.0963
2024-09-18,7.0835
2024-09-19,7.0659
2024-09-20,7.055
2024-09-23,7.0544
2024-09-24,7.0322
2024-09-25,7.0298
2024-09-26,7.0115
2024-09-27,7.0111
2024-09-30,7.0124
2024-10-01,7.0185
2024-10-02,7.0185
2024-10-03,7.0185
2024-10-04,7.0185
2024-10-07,7.0185
2024-10-08,7.0524
2024-10-09,7.0672
2024-10-10,7.0779
2024-10-11,7.0655
2024-10-14,7.0849
2024-10-15,7.1149
2024-10-16,7.1131
2024-10-17,7.1218
2024-10-18,7.1047
2024-10-21,7.1131
2024-10-22,7.1206
2024-10-23,7.1291
2024-10-24,7.1149
2024-10-25,7.1245
2024-10-28,7.1269
2024-10-29,7.1371
2024-10-30,7.1247
2024-10-31,7.116
2024-11-01,7.111
2024-11-04,7.0949
2024-11-05,7.1033
2024-11-06,7.179
2024-11-07,7.1543
2024-11-08,7.1698
2024-11-11,7.203
2024-11-12,7.2319
2024-11-13,7.2091
2024-11-14,7.2408
2024-11-15,7.2278
2024-11-18,7.2443
2024-11-19,7.2394
2024-11-20,7.2456
2024-11-21,7.2396
2024-11-22,7.2472
2024-11-25,7.2433
2024-11-26,7.2481
2024-11-27,7.2497
2024-11-28,7.2475
2024-11-29,7.2414
2024-12-02,7.2733
2024-12-03,7.2859
2024-12-04,7.2708
2024-12-05,7.2654
2024-12-06,7.2632
2024-12-09,7.2644
2024-12-10,7.2532
2024-12-11,7.2635
2024-12-12,7.2702
2024-12-13,7.2742
2024-12-16,7.2836
2024-12-17,7.2844
2024-12-18,7.285
2024-12-19,7.2975
2024-12-20,7.2985
2024-12-23,7.2992
2024-12-24,7.2961
2024-12-27,7.2994
2024-12-30,7.2993
2024-12-31,7.2994
2025-01-02,7.2995
2025-01-03,7.3183
2025-01-06,7.3167
2025-01-07,7.3263
2025-01-08,7.3316
2025-01-09,7.3322
2025-01-10,7.3313
2025-01-13,7.3319
2025-01-14,7.3312
2025-01-15,7.3316
2025-01-16,7.3317
2025-01-17,7.329
2025-01-20,7.312
2025-01-21,7.2843
2025-01-22,7.2673
2025-01-23,7.2884
2025-01-24,7.247
2025-01-27,7.2465
2025-01-28,7.2466
2025-01-29,7.2513
2025-01-30,7.2514
2025-01-31,7.2513
2025-02-03,7.2513
2025-02-04,7.2514
2025-02-05,7.2728
2025-02-06,7.2887
2025-02-07,7.2886
2025-02-10,7.3057
2025-02-11,7.3072
2025-02-12,7.309
2025-02-13,7.2971
2025-02-14,7.2667
2025-02-17,7.2631
2025-02-18,7.2802
2025-02-19,7.2855
2025-02-20,7.2591
2025-02-21,7.2559
2025-02-24,7.25
2025-02-25,7.261
2025-02-26,7.259
2025-02-27,7.2661
2025-02-28,7.279
2025-03-03,7.2892
2025-03-04,7.2572
2025-03-05,7.2634
2025-03-06,7.2478
2025-03-07,7.236
2025-03-10,7.2585
2025-03-11,7.2332
2025-03-12,7.2431
2025-03-13,7.2477
2025-03-14,7.2387
2025-03-17,7.2337
2025-03-18,7.2272
2025-03-19,7.2301
2025-03-20,7.2446
2025-03-21,7.2483
2025-03-24,7.2536
2025-03-25,7.2583
2025-03-26,7.2656
2025-03-27,7.2657
2025-03-28,7.2654
2025-03-31,7.2531
2025-04-01,7.2702
2025-04-02,7.2692
2025-04-03,7.292
2025-04-04,7.2821
2025-04-07,7.3087
2025-04-08,7.3387
2025-04-09,7.3498
2025-04-10,7.3215
2025-04-11,7.2994
2025-04-14,7.3126
2025-04-15,7.315
2025-04-16,7.3061
2025-04-17,7.2975
2025-04-22,7.3134
2025-04-23,7.2886
2025-04-24,7.2895
2025-04-25,7.2883
2025-04-28,7.298
2025-04-29,7.2729
2025-04-30,7.2659
2025-05-02,7.2714
2025-05-05,7.2714
2025-05-06,7.2172
2025-05-07,7.2253
2025-05-08,7.2377
2025-05-09,7.2405
2025-05-12,7.2032
2025-05-13,7.2013
2025-05-14,7.2047
2025-05-15,7.2115
2025-05-16,7.2056
2025-05-19,7.2123
2025-05-20,7.2195
2025-05-21,7.2034
2025-05-22,7.2046
2025-05-23,7.1849
2025-05-26,7.187
2025-05-27,7.1952
2025-05-28,7.1929
2025-05-29,7.1885
2025-05-30,7.1943
2025-06-02,7.1998
2025-06-03,7.1879
2025-06-04,7.1886
2025-06-05,7.1792
2025-06-06,7.1821
2025-06-09,7.1817
2025-06-10,7.1848
2025-06-11,7.1873
2025-06-12,7.1762
2025-06-13,7.1822
2025-06-16,7.1801
2025-06-17,7.1828
2025-06-18,7.1883
2025-06-19,7.1873
2025-06-20,7.177
2025-06-23,7.1864
2025-06-24,7.1734
2025-06-25,7.1745
2025-06-26,7.1708
2025-06-27,7.1718
2025-06-30,7.1647
2025-07-01,7.1621
2025-07-02,7.1693
2025-07-03,7.1615
2025-07-04,7.1628
2025-07-07,7.1733
2025-07-08,7.1741
2025-07-09,7.1801
2025-07-10,7.1748
2025-07-11,7.1678
2025-07-14,7.1672
2025-07-15,7.173
2025-07-16,7.1806
2025-07-17,7.1817
2025-07-18,7.1779
2025-07-21,7.1763
2025-07-22,7.175
2025-07-23,7.1602
2025-07-24,7.1574
2025-07-25,7.1687
2025-07-28,7.1739
2025-07-29,7.1775
2025-07-30,7.1817
2025-07-31,7.1947
2025-08-01,7.2118
2025-08-04,7.1762
2025-08-05,7.1874
2025-08-06,7.1857
2025-08-07,7.1792
2025-08-08,7.1838
2025-08-11,7.1846
2025-08-12,7.1873
2025-08-13,7.1745
2025-08-14,7.1706
2025-08-15,7.1791
2025-08-18,7.1788
2025-08-19,7.1791
2025-08-20,7.1761
2025-08-21,7.1782
2025-08-22,7.1789
2025-08-25,7.1565
2025-08-26,7.1574
2025-08-27,7.1618
2025-08-28,7.1314
2025-08-29,7.1329
2025-09-01,7.1345
2025-09-02,7.1443
2025-09-03,7.1456
2025-09-04,7.1407
2025-09-05,7.1376
2025-09-08,7.1299
2025-09-09,7.1215
2025-09-10,7.1228
2025-09-11,7.1247
2025-09-12,7.1225
2025-09-15,7.1218
2025-09-16,7.1153
2025-09-17,7.1042
2025-09-18,7.1055
2025-09-19,7.1157
2025-09-22,7.1121
2025-09-23,7.1118
2025-09-24,7.1271
2025-09-25,7.1241
2025-09-26,7.1374
2025-09-29,7.1212
2025-09-30,7.1196
2025-10-01,7.1196
2025-10-02,7.1195
2025-10-03,7.1196
2025-10-06,7.1195
2025-10-07,7.1196
2025-10-08,7.1195
2025-10-09,7.1224
2025-10-10,7.1228
2025-10-13,7.1321
2025-10-14,7.14
2025-10-15,7.1264
2025-10-16,7.1258
2025-10-17,7.1223
2025-10-20,7.1235
2025-10-21,7.1186
2025-10-22,7.1266
2025-10-23,7.1244
2025-10-24,7.1225
2025-10-27,7.1075
2025-10-28,7.1014
2025-10-29,7.0994
2025-10-30,7.1143
2025-10-31,7.1162
2025-11-03,7.1206
2025-11-04,7.1253
2025-11-05,7.1271
2025-11-06,7.1195
2025-11-07,7.1208
2025-11-10,7.1193
2025-11-11,7.1185
2025-11-12,7.1165
2025-11-13,7.0961
2025-11-14,7.0961
2025-11-17,7.1076
2025-11-18,7.1104
2025-11-19,7.1103
2025-11-20,7.1138
2025-11-21,7.1098
2025-11-24,7.0888
2025-11-25,7.0855
2025-11-26,7.0795
2025-11-27,7.0834
2025-11-28,7.0756
2025-12-01,7.0718
2025-12-02,7.071
2025-12-03,7.0638
2025-12-04,7.0717
2025-12-05,7.0702
2025-12-08,7.068
2025-12-09,7.0643
2025-12-10,7.0625
2025-12-11,7.0581
2025-12-12,7.0547
2025-12-15,7.0471
2025-12-16,7.0423
2025-12-17,7.0439
2025-12-18,7.0413
2025-12-19,7.0411
2025-12-22,7.037
2025-12-23,7.0281
2025-12-24,7.0144
2025-12-29,7.0065
2025-12-30,6.9929
2025-12-31,7.001
2026-01-02,6.9937
2026-01-05,6.9854
2026-01-06,6.9844
2026-01-07,6.9912
2026-01-08,6.9818
2026-01-09,6.9823
2026-01-12,6.9731
2026-01-13,6.9756
2026-01-14,6.9734
2026-01-15,6.9673
2026-01-16,6.9697
2026-01-19,6.9634
2026-01-20,6.9589
2026-01-21,6.9639
2026-01-22,6.9757
2026-01-23,6.9646
2026-01-26,6.9544
2026-01-27,6.9548
2026-01-28,6.9464
2026-01-29,6.9462
2026-01-30,6.9497
2026-02-02,6.9434
2026-02-03,6.9381
2026-02-04,6.9417
2026-02-05,6.9392
2026-02-06,6.939
2026-02-09,6.9225
2026-02-10,6.9148
2026-02-11,6.9113
2026-02-12,6.9011
2026-02-13,6.9086
2026-02-16,6.9086
2026-02-17,6.9087
2026-02-18,6.9087
2026-02-19,6.9086
2026-02-20,6.9086
2026-02-23,6.9087
2026-02-24,6.8817
2026-02-25,6.8695
2026-02-26,6.8413
2026-02-27,6.8582
2026-03-02,6.8825
2026-03-03,6.9076
2026-03-04,6.8973
2026-03-05,6.9011
2026-03-06,6.9047
2026-03-09,6.9173
2026-03-10,6.8772
2026-03-11,6.8662
2026-03-12,6.869
2026-03-13,6.8966
2026-03-16,6.8961
2026-03-17,6.8868
2026-03-18,6.8882
2026-03-19,6.9004
2026-03-20,6.8943
2026-03-23,6.8917
2026-03-24,6.8934
2026-03-25,6.8995
2026-03-26,6.9102
2026-03-27,6.9138
2026-03-30,6.9114
2026-03-31,6.9004
2026-04-01,6.8738
2026-04-02,6.8976
2026-04-07,6.8574
2026-04-08,6.8297
2026-04-09,6.8347
2026-04-10,6.8284
2026-04-13,6.8322
2026-04-14,6.8158
2026-04-15,6.8211
2026-04-16,6.8213
2026-04-17,6.8223
2026-04-20,6.8177
2026-04-21,6.8158
2026-04-22,6.8244
2026-04-23,6.835
2026-04-24,6.8363
2026-04-27,6.8231
2026-04-28,6.8388
2026-04-29,6.8335
2026-04-30,6.8287
2026-05-04,6.8303
2026-05-05,6.8302
2026-05-06,6.8112
2026-05-07,6.8019
