date,sp500_close,ma50,ma200,price_vs_ma200_pct
2023-05-08,4138.1201,,,
2023-05-09,4119.1699,,,
2023-05-10,4137.6401,,,
2023-05-11,4130.6201,,,
2023-05-12,4124.0801,,,
2023-05-15,4136.2798,,,
2023-05-16,4109.8999,,,
2023-05-17,4158.77,,,
2023-05-18,4198.0498,,,
2023-05-19,4191.98,,,
2023-05-22,4192.6299,,,
2023-05-23,4145.5801,,,
2023-05-24,4115.2402,,,
2023-05-25,4151.2798,,,
2023-05-26,4205.4502,,,
2023-05-30,4205.52,,,
2023-05-31,4179.8301,,,
2023-06-01,4221.02,,,
2023-06-02,4282.3701,,,
2023-06-05,4273.79,,,
2023-06-06,4283.8501,,,
2023-06-07,4267.52,,,
2023-06-08,4293.9302,,,
2023-06-09,4298.8599,,,
2023-06-12,4338.9302,,,
2023-06-13,4369.0098,,,
2023-06-14,4372.5898,,,
2023-06-15,4425.8398,,,
2023-06-16,4409.5898,,,
2023-06-20,4388.71,,,
2023-06-21,4365.6899,,,
2023-06-22,4381.8901,,,
2023-06-23,4348.3301,,,
2023-06-26,4328.8198,,,
2023-06-27,4378.4102,,,
2023-06-28,4376.8599,,,
2023-06-29,4396.4399,,,
2023-06-30,4450.3799,,,
2023-07-03,4455.5898,,,
2023-07-05,4446.8198,,,
2023-07-06,4411.5898,,,
2023-07-07,4398.9502,,,
2023-07-10,4409.5298,,,
2023-07-11,4439.2598,,,
2023-07-12,4472.1602,,,
2023-07-13,4510.04,,,
2023-07-14,4505.4199,,,
2023-07-17,4522.79,,,
2023-07-18,4554.98,,,
2023-07-19,4565.7202,4311.716382,,
2023-07-20,4534.8701,4319.651382,,
2023-07-21,4536.3398,4327.99478,,
2023-07-24,4554.6401,4336.33478,,
2023-07-25,4567.46,4345.071578,,
2023-07-26,4566.75,4353.924976,,
2023-07-27,4537.4102,4361.947584,,
2023-07-28,4582.23,4371.394186,,
2023-07-31,4588.96,4379.997986,,
2023-08-01,4576.73,4387.57159,,
2023-08-02,4513.3901,4393.999792,,
2023-08-03,4501.8901,4400.184996,,
2023-08-04,4478.0298,4406.83399,,
2023-08-07,4518.4399,4414.897984,,
2023-08-08,4499.3799,4421.859986,,
2023-08-09,4467.71,4427.105182,,
2023-08-10,4468.8301,4432.371384,,
2023-08-11,4464.0498,4438.055778,,
2023-08-14,4489.7202,4443.429782,,
2023-08-15,4437.8599,4446.539578,,
2023-08-16,4404.3301,4449.15038,,
2023-08-17,4370.3599,4450.880576,,
2023-08-18,4369.71,4452.924376,,
2023-08-21,4399.77,4455.041172,,
2023-08-22,4387.5498,4456.814969999999,,
2023-08-23,4436.0098,4458.756562,,
2023-08-24,4376.3101,4458.9025679999995,,
2023-08-25,4405.71,4459.564972,,
2023-08-28,4433.3101,4459.714378000001,,
2023-08-29,4497.6299,4461.47518,,
2023-08-30,4514.8701,4463.998382,,
2023-08-31,4507.6602,4466.837788,,
2023-09-01,4515.77,4469.515386,,
2023-09-05,4496.8301,4472.485386,,
2023-09-06,4465.48,4475.21859,,
2023-09-07,4451.1401,4476.673188,,
2023-09-08,4457.4902,4478.285793999999,,
2023-09-11,4487.46,4480.106196,,
2023-09-12,4461.8999,4480.336595999999,,
2023-09-13,4467.4399,4480.573598,,
2023-09-14,4505.1001,4481.739204,,
2023-09-15,4450.3198,4482.513803999999,,
2023-09-18,4453.5298,4483.605396,,
2023-09-19,4443.9502,4484.293804,,
2023-09-20,4402.2002,4483.552612,,
2023-09-21,4330.0,4480.709408,,
2023-09-22,4320.0601,4476.90981,,
2023-09-25,4337.4399,4473.55021,,
2023-09-26,4273.5298,4468.565006000001,,
2023-09-27,4274.5098,4462.955602,,
2023-09-28,4299.7002,4457.635202,,
2023-09-29,4288.0498,4452.698796000001,,
2023-10-02,4288.3901,4447.739802,,
2023-10-03,4229.4502,4441.236004,,
2023-10-04,4263.75,4435.161804,,
2023-10-05,4258.1899,4428.990602,,
2023-10-06,4308.5,4424.4123979999995,,
2023-10-09,4335.6602,4419.4810019999995,,
2023-10-10,4358.2402,4414.866606,,
2023-10-11,4376.9502,4410.87101,,
2023-10-12,4349.6099,4407.595406,,
2023-10-13,4327.7798,4404.1132,,
2023-10-16,4373.6299,4402.025202000001,,
2023-10-17,4373.2002,4399.120408,,
2023-10-18,4314.6001,4395.424812,,
2023-10-19,4278.0,4391.630612,,
2023-10-20,4224.1602,4386.737214000001,,
2023-10-23,4217.04,4381.797018,,
2023-10-24,4247.6802,4376.956217999999,,
2023-10-25,4186.77,4371.9344200000005,,
2023-10-26,4137.23,4366.592418,,
2023-10-27,4117.3701,4361.532622,,
2023-10-30,4166.8198,4357.474818,,
2023-10-31,4193.7998,4353.355414,,
2023-11-01,4237.8599,4350.361616,,
2023-11-02,4317.7798,4347.997016,,
2023-11-03,4358.3398,4347.637610000001,,
2023-11-06,4365.98,4346.84301,,
2023-11-07,4378.3799,4345.744406,,
2023-11-08,4382.7798,4343.4474040000005,,
2023-11-09,4347.3501,4340.097003999999,,
2023-11-10,4415.2402,4338.248604,,
2023-11-13,4411.5498,4336.1642,,
2023-11-14,4495.7002,4336.141602,,
2023-11-15,4502.8799,4336.8896,,
2023-11-16,4508.2402,4338.031602,,
2023-11-17,4514.02,4339.162198,,
2023-11-20,4547.3799,4340.360596,,
2023-11-21,4538.1899,4341.886396000001,,
2023-11-22,4556.6201,4343.67,,
2023-11-24,4559.3398,4344.754794,,
2023-11-27,4550.4302,4346.757002,,
2023-11-28,4554.8901,4348.784208,,
2023-11-29,4550.5801,4350.916806,,
2023-11-30,4567.7998,4354.228798,,
2023-12-01,4594.6299,4359.521396,,
2023-12-04,4569.7798,4364.51579,,
2023-12-05,4567.1802,4369.110596,,
2023-12-06,4549.3398,4374.626796,,
2023-12-07,4585.5898,4380.848395999999,,
2023-12-08,4604.3701,4386.941793999999,,
2023-12-11,4622.4399,4393.629596,,
2023-12-12,4643.7002,4400.735798,,
2023-12-13,4707.0898,4410.28859,,
2023-12-14,4719.5498,4419.404586000001,,
2023-12-15,4719.1899,4428.624586,,
2023-12-18,4740.5601,4437.265788000001,,
2023-12-19,4768.3701,4445.919986,,
2023-12-20,4698.3501,4452.722184,,
2023-12-21,4746.75,4460.11818,,
2023-12-22,4754.6299,4468.21858,,
2023-12-26,4774.75,4477.157984,,
2023-12-27,4781.5801,4485.3169880000005,,
2023-12-28,4783.3501,4493.519986,,
2023-12-29,4769.8301,4502.624586,,
2024-01-02,4742.8301,4511.921188,,
2024-01-03,4704.8101,4521.534186,,
2024-01-04,4688.6802,4530.96699,,
2024-01-05,4697.2402,4539.95819,,
2024-01-08,4763.54,4551.49359,,
2024-01-09,4756.5,4563.87899,,
2024-01-10,4783.4502,4577.200592,,
2024-01-11,4780.2402,4589.469,,
2024-01-12,4783.8301,4601.269606,,
2024-01-16,4765.98,4611.832008,,
2024-01-17,4739.21,4620.260612,,
2024-01-18,4780.9399,4628.712614,,
2024-01-19,4839.8101,4638.189216,,
2024-01-22,4850.4302,4647.630222,,
2024-01-23,4864.6001,4657.266628,,
2024-01-24,4868.5498,4667.690622,,
2024-01-25,4894.1602,4677.269022,,
2024-01-26,4890.9702,4686.85743,,
2024-01-29,4927.9302,4695.50203,,
2024-01-30,4924.9702,4703.943836,,
2024-01-31,4845.6499,4710.69203,,
2024-02-01,4906.1899,4718.535427999999,,
2024-02-02,4958.6099,4726.760028,,
2024-02-05,4942.8101,4734.852432,,
2024-02-06,4954.23,4742.80463,,
2024-02-07,4995.0601,4751.519036000001,,
2024-02-08,4997.9102,4760.468636,,
2024-02-09,5026.6099,4769.903032,,
2024-02-12,5021.8398,4779.328226,,
2024-02-13,4953.1699,4787.0356280000005,,
2024-02-14,5000.6201,4795.1554320000005,,
2024-02-15,5029.73,4804.354436,,
2024-02-16,5005.5698,4813.122228,,
2024-02-20,4975.5098,4821.645628,,
2024-02-21,4981.7998,4829.569828,,
2024-02-22,5087.0298,4839.223022,4498.8791,13.073271962342803
2024-02-23,5088.7998,4848.55022,4503.632498499999,12.993229391938609
2024-02-26,5069.5298,4857.066812,4508.384298,12.446709617211082
2024-02-27,5078.1802,4864.48862,4513.0869985,12.52121223649838
2024-02-28,5069.7598,4871.49282,4517.782697,12.217876334922796
2024-02-29,5096.27,4879.034422,4522.6436465,12.683430275209084
2024-03-01,5137.0801,4886.964822,4527.647648,13.460244687309197
2024-03-04,5130.9502,4894.216424,4532.752899499999,13.197218418104972
2024-03-05,5078.6499,4901.8224199999995,4537.352299,11.929812043012355
2024-03-06,5104.7598,4908.982615999999,4541.885849,12.392956796215593
2024-03-07,5157.3599,4917.037216,4546.7127485,13.430519702425858
2024-03-08,5123.6899,4924.016014,4551.3680484999995,12.574721389289124
2024-03-11,5117.9399,4930.74321,4556.2298475,12.328395873360298
2024-03-12,5175.27,4938.581608,4561.5299964999995,13.454696208748285
2024-03-13,5165.3101,4946.4912079999995,4566.600148,13.11062787623769
2024-03-14,5150.48,4954.644206,4571.325296999999,12.66929534373935
2024-03-15,5117.0898,4962.8898,4575.883146,11.827370514762702
2024-03-18,5149.4199,4972.104594,4580.731095,12.414804388337487
2024-03-19,5178.5098,4981.729986,4585.5185440000005,12.931825491708215
2024-03-20,5224.6201,4990.951588,4590.229794,13.820447656656043
2024-03-21,5241.5298,5000.652184,4595.068493,14.06858914039697
2024-03-22,5234.1802,5009.666784,4599.8201435,13.790975227507829
2024-03-25,5218.1899,5018.425778,4604.573493,13.32623766202965
2024-03-26,5203.5801,5026.820778,4609.1217425,12.897432324657231
2024-03-27,5248.4902,5036.470982,4613.869894,13.754620753941872
2024-03-28,5254.3501,5046.773784,4618.4469935,13.76876485526346
2024-04-01,5243.77,5056.030386,4622.8207945,13.432257772976497
2024-04-02,5205.8101,5063.350386,4626.986895999999,12.50972213689192
2024-04-03,5211.4902,5070.571586,4630.915148,12.536939966406834
2024-04-04,5147.21,5076.223784,4634.603249,11.060423588806746
2024-04-05,5204.3398,5082.939584,4638.681398,12.194379252774024
2024-04-08,5202.3901,5089.104182,4642.864899,12.05129188920644
2024-04-09,5209.9102,5095.4829819999995,4647.0049995,12.113290184980796
2024-04-10,5160.6401,5100.137180000001,4651.0665495,10.956058036941641
2024-04-11,5199.0601,5105.6189779999995,4655.417751,11.677627617483388
2024-04-12,5123.4102,5111.174184,4659.142751,9.964653881883168
2024-04-15,5061.8198,5114.286781999999,4662.5675505,8.56292686756217
2024-04-16,5051.4102,5116.142788,4665.842402,8.263626689035352
2024-04-17,5022.21,5117.730786,4668.7015525,7.571879322864472
2024-04-18,5011.1201,5118.868588,4671.479204,7.270521416624942
2024-04-19,4967.23,5118.311986,4674.081255,6.271793942101667
2024-04-22,5010.6001,5118.565784,4677.0763065,7.131031688246825
2024-04-23,5070.5498,5119.444582,4680.4343045,8.335027694436903
2024-04-24,5071.6299,5120.440384,4683.744805,8.281516417929602
2024-04-25,5048.4199,5122.345384,4686.7906055,7.715925991564965
2024-04-26,5099.96,5124.332182,4689.9296045,8.74278358264855
2024-04-29,5116.1699,5126.06098,4692.960254,9.017967830417529
2024-04-30,5035.6899,5126.663382,4695.611604,7.242470729697947
2024-05-01,5018.3901,5127.520988,4698.0896045,6.8176753204792995
2024-05-02,5064.2002,5129.168996,4700.6357055,7.73436865304431
2024-05-03,5127.79,5129.9842,4703.4460545,9.021979641799248
2024-05-06,5180.7402,5131.823007999999,4706.675405,10.072179494179512
2024-05-07,5187.7002,5134.186416,4709.932207,10.143840123429616
2024-05-08,5187.6699,5136.376209999999,4713.097355999999,10.069228538125707
2024-05-09,5214.0801,5139.262616,4716.3304565,10.553748260239203
2024-05-10,5222.6802,5141.79082,4719.610107500001,10.659145163295648
2024-05-13,5221.4199,5143.477616,4723.030156000001,10.552330337481731
2024-05-14,5246.6802,5145.792216,4726.352406999999,11.009077364382836
2024-05-15,5308.1499,5150.382216,4729.9483565,12.224267580118987
2024-05-16,5297.1001,5154.229022,4733.550207,11.905438167036198
2024-05-17,5303.27,5157.147223999999,4737.4996065000005,11.942383968195891
2024-05-20,5308.1299,5160.836024,4741.5308055000005,11.949708179534868
2024-05-21,5321.4102,5164.90543,4745.7477075,12.130069442803414
2024-05-22,5307.0098,5167.540226,4749.690557,11.733801103708409
2024-05-23,5267.8398,5169.59082,4753.5328565,10.819467520808956
2024-05-24,5304.7202,5172.6756239999995,4757.7179075,11.497156896118454
2024-05-28,5306.04,5176.454628,4761.9039569999995,11.426858834481957
2024-05-29,5266.9502,5178.805234,4765.918459,10.512805565396267
2024-05-30,5235.48,5179.944638,4769.647258,9.766607818191808
2024-05-31,5277.5098,5181.002432,4773.8455075,10.550494181445803
2024-06-03,5283.3999,5181.839834,4778.2408565,10.572071577614505
2024-06-04,5291.3398,5182.983026,4782.845756000001,10.631621213418851
2024-06-05,5354.0298,5185.699824,4787.767355,11.827275701034988
2024-06-06,5352.96,5188.687422,4792.533305000001,11.693746487172273
2024-06-07,5346.9902,5190.657422,4797.330507000001,11.457615692685064
2024-06-10,5360.79,5192.78622,4801.954408,11.637669676100781
2024-06-11,5375.3198,5195.417216,4806.9494565,11.823930096278513
2024-06-12,5421.0298,5199.72161,4812.0260555,12.65586963736256
2024-06-13,5433.7402,5204.166609999999,4817.028206,12.80274824282397
2024-06-14,5431.6001,5209.854412,4821.698057,12.649113150388214
2024-06-17,5473.23,5215.232216,4826.4898565,13.399803226127416
2024-06-18,5487.0298,5220.92501,4831.3867045,13.570495089729162
2024-06-20,5473.1699,5226.190204,4836.173704,13.171491244682553
2024-06-21,5464.6201,5232.269804,4841.012654,12.881756164895153
2024-06-24,5447.8701,5237.246004,4845.9246045,12.421685119513093
2024-06-25,5469.2998,5244.163796,4851.015403,12.745463488275789
2024-06-26,5477.8999,5252.485398000001,4856.1174515,12.804106463857012
2024-06-27,5482.8701,5261.114595999999,4861.094502,12.790856004633987
2024-06-28,5460.48,5269.879996,4866.087402499999,12.215000437407376
2024-07-01,5475.0898,5279.15939,4871.125652,12.398862011535726
2024-07-02,5509.0098,5289.994986,4876.1452005,12.978789053187057
2024-07-03,5537.02,5300.523384,4881.5787015000005,13.42683051076483
2024-07-05,5567.1899,5310.456186,4887.147002000001,13.914926187440258
2024-07-08,5572.8501,5320.48059,4892.7915015,13.899194320696306
2024-07-09,5576.98,5331.051792,4898.665400499999,13.846926541069049
2024-07-10,5633.9102,5341.730796,4905.184951499999,14.856223683821689
2024-07-11,5584.54,5351.098198,4911.507351,13.703179103721963
2024-07-12,5615.3501,5362.691402,4917.8969019999995,14.181940205301192
2024-07-15,5631.2202,5374.948004,4924.685354,14.346801779450292
2024-07-16,5667.2002,5387.008004,4931.648806,14.914918375880792
2024-07-17,5588.27,5396.2176039999995,4938.091655,13.166591275025663
2024-07-18,5544.5898,5403.494596,4944.374355,12.139360855494918
2024-07-19,5505.0,5409.8405920000005,4950.4574045,11.201845611193772
2024-07-22,5564.4102,5417.375397999999,4957.132204500001,12.2505910766052
2024-07-23,5555.7402,5424.2086,4963.5921555,11.92982876008173
2024-07-24,5427.1299,5428.297594,4969.4368555,9.210159175147602
2024-07-25,5399.2202,5431.853600000001,4974.8904565,8.529428883114122
2024-07-26,5459.1001,5436.101998000001,4980.507656,9.60931047708442
2024-07-29,5463.54,5439.2098,4986.034155,9.57686670720368
2024-07-30,5436.4399,5441.996596,4991.3316035,8.917626234007049
2024-07-31,5522.2998,5446.377192000001,4997.1950529999995,10.507989810899222
2024-08-01,5446.6802,5449.148198000001,5002.789554999999,8.87286263233593
2024-08-02,5346.5601,5449.651196000001,5007.654206,6.767757517959883
2024-08-05,5186.3301,5447.237602,5011.7198555,3.484038404668155
2024-08-06,5240.0298,5446.681402,5016.347003999999,4.459077408752576
2024-08-07,5199.5,5444.5769980000005,5020.954503999999,3.5560070472210104
2024-08-08,5319.3101,5444.8423999999995,5026.4302535,5.8267961899215015
2024-08-09,5344.1602,5446.386600000001,5032.065854500001,6.202111707677771
2024-08-12,5344.3901,5448.564802,5037.549403999999,6.0910707050606305
2024-08-13,5434.4302,5451.70321,5043.787705,7.745022547494385
2024-08-14,5455.21,5455.139412,5050.377605,8.015883695492509
2024-08-15,5543.2202,5460.17702,5057.5068555,9.60380990827112
2024-08-16,5554.25,5464.181424,5064.4440065,9.671466263055816
2024-08-19,5608.25,5469.287224000001,5071.5162574999995,10.58329925899879
2024-08-20,5597.1201,5474.289822000001,5078.3125585,10.216140411279495
2024-08-21,5620.8501,5479.491024,5084.82791,10.54159943045152
2024-08-22,5570.6401,5483.39743,5090.8894115,9.423710666671958
2024-08-23,5634.6099,5487.669032,5097.232561,10.54253131614178
2024-08-26,5616.8398,5491.331024,5103.4248605,10.060203755987086
2024-08-27,5625.7998,5495.215018,5109.639960500001,10.101687075609345
2024-08-28,5592.1802,5497.594022,5115.864111,9.31056960594081
2024-08-29,5591.96,5499.692626,5121.74771,9.180699960717131
2024-08-30,5648.3999,5503.197226,5127.9319605,10.149665469610714
2024-09-03,5528.9302,5504.483428,5133.098110499999,7.711368085685066
2024-09-04,5520.0698,5505.927422,5138.1840600000005,7.432309460708564
2024-09-05,5503.4102,5506.60963,5143.159909999999,7.004454388041781
2024-09-06,5408.4199,5505.22003,5147.6319095,5.066174021081693
2024-09-09,5471.0498,5504.9836239999995,5152.250259,6.187578727238985
2024-09-10,5495.52,5505.684423999999,5157.036909500001,6.563518866356488
2024-09-11,5554.1299,5507.265226,5162.0244585,7.595962488212216
2024-09-12,5595.7598,5509.000226,5167.2065585,8.293712214678827
2024-09-13,5626.02,5510.780226,5172.5845075,8.766130197438837
2024-09-16,5633.0898,5512.098223999999,5177.975506,8.789425393624107
2024-09-17,5634.5801,5513.332824,5183.395506,8.704421522103312
2024-09-18,5618.2598,5514.15842,5188.647806,8.279844962751358
2024-09-19,5713.6401,5515.753018,5194.242857,9.999479371666965
2024-09-20,5702.5498,5518.113214,5199.906707,9.666386751195999
2024-09-23,5718.5698,5520.177607999999,5205.663655,9.852848339660936
2024-09-24,5732.9302,5522.211808,5211.581607,10.003654021261866
2024-09-25,5722.2598,5523.312999999999,5217.264957,9.679302223714913
2024-09-26,5745.3701,5526.455002,5222.969956999999,10.001974878294352
2024-09-27,5738.1699,5530.326604000001,5228.548607,9.746897873679838
2024-09-30,5762.48,5535.4762040000005,5234.142506,10.094060171161857
2024-10-01,5708.75,5538.363,5239.150807,8.963269245324469
2024-10-02,5709.54,5541.438996,5244.100758,8.875482441674333
2024-10-03,5699.9399,5546.895196,5249.004508,8.590874542262839
2024-10-04,5751.0698,5553.932187999999,5254.0570565,9.459599280238628
2024-10-07,5695.9399,5558.668984,5258.6949055,8.314705499318698
2024-10-08,5751.1299,5564.420782,5263.958804500001,9.254842478697412
2024-10-09,5792.04,5571.532784000001,5269.185254499999,9.922876502652311
2024-10-10,5780.0498,5576.687784,5274.312354,9.588689710734567
2024-10-11,5815.0298,5584.054776,5279.513752999999,10.14328349264555
2024-10-14,5859.8501,5594.320575999999,5284.905103000001,10.879003232690554
2024-10-15,5815.2598,5606.899170000001,5290.0646515,9.927953306791458
2024-10-16,5842.4702,5618.947977999999,5295.427852000001,10.33046551268544
2024-10-17,5841.4702,5631.787382,5300.9210525,10.197268401970794
2024-10-18,5864.6699,5642.694578,5306.7203515,10.51401829271612
2024-10-21,5853.98,5652.890974,5312.5468505,10.191592935298853
2024-10-22,5851.2002,5663.027176,5318.3166505,10.01977852239959
2024-10-23,5797.4199,5670.286969999999,5323.4860499999995,8.902697321804776
2024-10-24,5809.8599,5677.379968000001,5328.7528495,9.028511249966176
2024-10-25,5808.1201,5682.677966,5333.876198999999,8.891168135640504
2024-10-28,5823.52,5688.063365999999,5339.092598,9.07321596522721
2024-10-29,5832.9199,5692.556764,5344.338047,9.142046193620956
2024-10-30,5813.6699,5696.88776,5349.576496499999,8.675329791127151
2024-10-31,5705.4502,5698.579762,5354.4076975,6.5561407037402875
2024-11-01,5728.7998,5701.742955999999,5359.146997,6.897605219765901
2024-11-04,5712.6899,5703.304556,5363.511396,6.510259384559358
2024-11-05,5782.7598,5706.622955999999,5368.173044,7.72305126160906
2024-11-06,5929.04,5712.68776,5373.4952435,10.338610742644839
2024-11-07,5973.1001,5720.306158,5379.017994999999,11.044434235992927
2024-11-08,5995.54,5728.377758,5384.524893999999,11.347614098336845
2024-11-11,6001.3501,5735.436762,5390.0767935,11.340716095866131
2024-11-12,5983.9902,5744.537961999999,5395.3570935,10.909993468442526
2024-11-13,5985.3799,5753.844164,5400.659142,10.826840624929023
2024-11-14,5949.1699,5762.759357999999,5406.176741999999,10.043940180156262
2024-11-15,5870.6201,5772.003362,5410.998893,8.49420256941087
2024-11-18,5893.6201,5780.4547680000005,5415.673944,8.825238759610233
2024-11-19,5916.98,5788.883968,5420.5447935,9.1584005927835
2024-11-20,5917.1099,5796.1435679999995,5425.359193,9.063929032283703
2024-11-21,5948.71,5803.202572,5430.1274425,9.550099201009687
2024-11-22,5969.3398,5810.068968,5434.984590499999,9.831770460472299
2024-11-25,5987.3701,5817.154574000001,5439.788391499999,10.06623179231807
2024-11-26,6021.6299,5824.895570000001,5444.787342,10.594400143975369
2024-11-27,5998.7402,5832.505178,5450.0151935,10.068320674673359
2024-11-29,6032.3799,5838.8799739999995,5455.173992499999,10.580889047600817
2024-12-02,6047.1499,5845.771976000001,5460.261092,10.748365290807605
2024-12-03,6049.8799,5852.398178,5465.4826425,10.69250962313344
2024-12-04,6086.4902,5859.469378000001,5471.0375445,11.249285907728979
2024-12-05,6075.1099,5866.52638,5476.504094999999,10.93043654521364
2024-12-06,6090.27,5873.424378000001,5481.520296,11.10549028604748
2024-12-09,6052.8501,5879.717981999999,5486.340547499999,10.325818231574168
2024-12-10,6034.9102,5885.166585999999,5491.1674495,9.902133844953331
2024-12-11,6084.1899,5892.675383999999,5496.1974979999995,10.698167273173208
2024-12-12,6051.25,5899.509584,5501.1049490000005,10.000628166528713
2024-12-13,6051.0898,5906.532582000001,5505.879048,9.902337978129871
2024-12-16,6074.0801,5912.9927880000005,5510.564047999999,10.226104752462195
2024-12-17,6050.6099,5920.086188,5515.1623465,9.708645364534064
2024-12-18,5872.1602,5922.506794,5519.129898,6.396484745320641
2024-12-19,5867.0801,5924.0075959999995,5522.9414995,6.231074519459523
2024-12-20,5930.8501,5927.023602,5526.808950500001,7.310568415133045
2024-12-23,5974.0698,5930.204401999999,5531.06085,8.009475252835085
2024-12-24,6040.04,5933.8082,5535.671350500001,9.111246271049733
2024-12-26,6037.5898,5938.2548,5539.9829495,8.98210075799799
2024-12-27,5970.8398,5940.8221920000005,5544.010597999999,7.698924712625543
2024-12-30,5906.9399,5942.1315859999995,5547.7928974999995,6.473691594757325
2024-12-31,5881.6299,5942.470786,5551.615597999999,5.944473210985457
2025-01-02,5868.5498,5942.762182,5555.211247499999,5.640443514024995
2025-01-03,5942.4702,5944.587582,5559.031049499999,6.897589653407099
2025-01-06,5975.3799,5948.146782000001,5562.7848485,7.4170593099831095
2025-01-07,5909.0298,5950.130179999999,5566.1223485,6.160616494396853
2025-01-08,5918.25,5952.332777999999,5569.542697500001,6.26096829559315
2025-01-10,5827.04,5952.4031780000005,5572.586947999999,4.566156694806245
2025-01-13,5836.2202,5952.469184,5575.7501485,4.671479972431536
2025-01-14,5842.9102,5953.053989999999,5578.7222485,4.735635504546476
2025-01-15,5949.9102,5957.94319,5582.200049000001,6.587190494290351
2025-01-16,5937.3398,5962.11399,5585.667898000001,6.2959686902602785
2025-01-17,5996.6602,5967.793396000001,5589.6221485,7.282031605825656
2025-01-21,6049.2402,5973.123004000001,5593.8108985,8.141664238634249
2025-01-22,6086.3701,5976.269606000001,5598.506699,8.714170174827917
2025-01-23,6118.71,5979.181804,5603.078550000001,9.202645392147835
2025-01-24,6101.2402,5981.295808,5607.572800499999,8.803584314696433
2025-01-27,6012.2798,5981.514402000001,5611.5846485,7.140499103174136
2025-01-28,6067.7002,5983.188602000001,5616.119948999999,8.04078714665646
2025-01-29,6039.3101,5984.267206000001,5620.321199000001,7.454892454803974
2025-01-30,6071.1699,5986.707206,5625.0599975,7.930758119882619
2025-01-31,6040.5298,5990.1054,5629.9535475,7.292711192658374
2025-02-03,5994.5698,5992.124394,5634.6693455,6.387250651849263
2025-02-04,6037.8799,5994.542392,5639.747695000001,7.05939745058044
2025-02-05,6061.48,5997.429794000001,5644.999494500001,7.377866125688426
2025-02-06,6083.5698,6000.126990000001,5650.5811935,7.662726924410479
2025-02-07,6025.9902,6001.2599979999995,5655.658143999999,6.547992233103428
2025-02-10,6066.4399,6002.841394,5660.6375945,7.1688444760054315
2025-02-11,6068.5,6003.778796,5665.621945,7.110923724014917
2025-02-12,6051.9702,6004.843395999999,5670.639696500001,6.724647022369656
2025-02-13,6115.0698,6006.497194,5675.7152455,7.7409548487892055
2025-02-14,6114.6299,6007.846793999999,5680.7075455,7.638526557202074
2025-02-18,6129.5801,6009.440798,5686.176996499999,7.79791244227761
2025-02-19,6144.1499,6010.593992,5691.8057955,7.947286340261783
2025-02-20,6117.52,6011.442193999999,5697.0723945,7.380064292423305
2025-02-21,6013.1299,6009.899391999999,5701.499094,5.465769631147466
2025-02-24,5983.25,6008.50739,5705.511643,4.867895718708293
2025-02-25,5955.25,6006.914186,5709.349391999999,4.3069812533203855
2025-02-26,5956.0601,6004.35159,5713.191343,4.251017380987432
2025-02-27,5861.5698,6000.557986,5716.4287914999995,2.5390154201836213
2025-02-28,5954.5,5998.626189999999,5720.0878905,4.098050833962086
2025-03-03,5849.7202,5994.138992,5723.229392,2.2101299692234955
2025-03-04,5778.1499,5988.689791999999,5725.886740499999,0.9127522402833543
2025-03-05,5842.6299,5988.0991859999995,5728.5591405000005,1.9912644122592305
2025-03-06,5738.52,5985.527983999999,5730.76624,0.13530058067767747
2025-03-07,5770.2002,5982.314986,5733.100891,0.6471072061236427
2025-03-10,5614.5601,5975.1247920000005,5734.633042,-2.0938208446921736
2025-03-11,5572.0698,5965.765388000001,5735.88634,-2.8559934819071042
2025-03-12,5599.2998,5956.999588000001,5737.34779,-2.406129017324221
2025-03-13,5521.52,5948.013192,5738.616191,-3.783075636605149
2025-03-14,5638.9399,5942.653192000001,5740.2872895,-1.7655455970885248
2025-03-17,5675.1201,5938.522996000001,5742.1326899999995,-1.1670331150079982
2025-03-18,5614.6602,5933.445204000001,5743.8712399999995,-2.2495462485332296
2025-03-19,5675.29,5928.101599999999,5746.07029,-1.2318034139467415
2025-03-20,5662.8901,5921.851804,5747.997191500001,-1.4806390585203388
2025-03-21,5667.5601,5917.0224100000005,5749.917992500001,-1.4323316020754762
2025-03-24,5767.5698,5914.008806000001,5752.2991425,0.26547050356222623
2025-03-25,5776.6499,5913.001004,5754.412243,0.3864453233612508
2025-03-26,5712.2002,5910.520603999999,5756.208444,-0.7645352740113465
2025-03-27,5693.3101,5907.528602,5757.940043500001,-1.1224490531637321
2025-03-28,5580.9399,5900.149195999999,5759.040793,-3.0925443906644645
2025-03-31,5611.8501,5893.639402000001,5760.223444500001,-2.5758261971881025
2025-04-01,5633.0698,5886.367593999999,5761.2836445,-2.225438850288153
2025-04-02,5670.9702,5878.802194,5762.469794500001,-1.587853780809978
2025-04-03,5396.52,5865.005192,5762.294394,-6.347721393423811
2025-04-04,5074.0801,5844.112594,5760.2986445,-11.912898737554334
2025-04-07,5062.25,5823.3327899999995,5758.1747455,-12.085856651777782
2025-04-08,4982.77,5802.742593999999,5755.722746,-13.429290813862982
2025-04-09,5456.8999,5790.526588,5755.684144999999,-5.191116077131419
2025-04-10,5268.0498,5775.101382000001,5754.785043500001,-8.457922230297132
2025-04-11,5363.3599,5760.945182,5754.255344,-6.793154294197057
2025-04-14,5405.9702,5748.25399,5753.8956955,-6.046781414061875
2025-04-15,5396.6299,5736.295192,5753.4644945,-6.202082151390953
2025-04-16,5275.7002,5721.051597999999,5752.5405955,-8.289213914857275
2025-04-17,5282.7002,5705.476001999999,5751.5786474999995,-8.152169625704476
2025-04-21,5158.2002,5686.96861,5749.824599500001,-10.289433864668629
2025-04-22,5287.7598,5672.204002,5748.5782985,-8.01621678563973
2025-04-23,5375.8599,5658.392402,5747.6216484999995,-6.468097088419533
2025-04-24,5484.77,5646.717802,5747.181248,-4.565912169401609
2025-04-25,5525.21,5636.182598,5746.922398,-3.8579326924121693
2025-04-28,5528.75,5624.456202,5746.396597,-3.787531774497188
2025-04-29,5560.8301,5613.380206000001,5746.2780475,-3.2272706953448194
2025-04-30,5569.0601,5602.169806,5746.0465975,-3.0801437909849794
2025-05-01,5604.1401,5591.36961,5745.911196999999,-2.4673388108403027
2025-05-02,5686.6699,5582.752608000001,5746.008545500001,-1.0326933040583852
2025-05-05,5650.3799,5575.497608000001,5746.319095000001,-1.6695765308870403
2025-05-06,5606.9102,5567.9708120000005,5746.630697,-2.431346372630827
2025-05-07,5631.2798,5561.491408000001,5747.262096,-2.018044315061285
2025-05-08,5663.9399,5555.649004000001,5747.759744500001,-1.4583045956332419
2025-05-09,5659.9102,5551.615812,5748.280594499999,-1.537336131165068
2025-05-12,5844.1899,5549.40961,5750.3658945,1.6316180086860088
2025-05-13,5886.5498,5550.146202,5752.8025425,2.3249061046666464
2025-05-14,5892.5801,5552.434806,5754.969942500001,2.391153366132448
2025-05-15,5916.9302,5553.920812,5757.2368935,2.773783838568389
2025-05-16,5958.3799,5558.31801,5759.8465934999995,3.446850593625972
2025-05-19,5963.6001,5562.186008000001,5762.053094999999,3.4978331798936724
2025-05-20,5940.46,5568.704005999999,5764.521994000001,3.052083176768594
2025-05-21,5844.6099,5574.154808,5767.012243,1.345543476072697
2025-05-22,5842.0098,5579.009008000001,5770.2906415,1.2429037453364211
2025-05-23,5802.8198,5584.635004,5773.1045915,0.5147180001511042
2025-05-27,5921.54,5590.287006,5776.7147915000005,2.5070513904044356
2025-05-28,5888.5498,5594.5556,5779.560989999999,1.8857627800550336
2025-05-29,5912.1699,5600.505794000001,5782.401038499999,2.2442037595798325
2025-05-30,5911.6899,5605.233792000001,5785.237537499999,2.185776498896286
2025-06-02,5935.9399,5610.694788000001,5787.745086000001,2.5604931073842208
2025-06-03,5970.3701,5616.750988000001,5790.3208865,3.1094859340141445
2025-06-04,5970.8101,5620.815794,5792.458836000001,3.079025143718761
2025-06-05,5939.2998,5624.068792,5794.384085000001,2.5009684010272037
2025-06-06,6000.3599,5629.831986,5796.3446345,3.5197228316221185
2025-06-09,6005.8799,5636.083382,5798.388433500001,3.578433367816891
2025-06-10,6038.8101,5645.240786,5800.4782335,4.108831322278594
2025-06-11,6022.2402,5653.448587999999,5802.736234,3.7827665630200347
2025-06-12,6045.2598,5661.6923879999995,5804.7894835,4.142619076601006
2025-06-13,5976.9702,5667.812388,5806.5901355000005,2.9342533315437347
2025-06-16,6033.1099,5680.544186,5808.6266860000005,3.8646521137440493
2025-06-17,5982.7202,5698.716988,5810.579386,2.9625412986311606
2025-06-18,5980.8701,5717.08939,5812.5239365,2.896266154584981
2025-06-20,5967.8398,5736.7907860000005,5814.121136000001,2.643884783345851
2025-06-23,6025.1699,5748.156185999999,5816.602334499999,3.585728463211657
2025-06-24,6092.1802,5764.6387939999995,5819.4628865,4.686296979960969
2025-06-25,6092.1602,5779.2148,5822.4066365,4.633025144773395
2025-06-26,6141.02,5793.915795999999,5826.0696370000005,5.405880509903693
2025-06-27,6173.0698,5809.444594,5829.579737,5.892192550689179
2025-06-30,6204.9502,5828.0295940000005,5833.126888,6.374339511882066
2025-07-01,6198.0098,5846.335786,5836.3462875000005,6.196745269803339
2025-07-02,6227.4199,5867.720179999999,5839.504588,6.642949006276222
2025-07-03,6279.3501,5887.551986,5842.7712384999995,7.472119713043601
2025-07-07,6229.98,5904.634388,5845.7556895,6.572705581763083
2025-07-08,6225.52,5919.449388,5848.710389000001,6.442610181360431
2025-07-09,6263.2598,5934.210384000001,5851.935388999999,7.0288611144472934
2025-07-10,6280.46,5949.244584,5854.7694885,7.270832990712028
2025-07-11,6259.75,5963.222981999999,5857.5554895000005,6.866251821616642
2025-07-14,6268.5601,5977.212982,5860.3054409999995,6.966439942596847
2025-07-15,6243.7598,5990.005375999999,5862.859589000001,6.496833246947453
2025-07-16,6263.7002,6001.545982,5865.566790999999,6.787637464309304
2025-07-17,6297.3599,6014.485581999999,5868.32674,7.310996456206187
2025-07-18,6296.79,6028.283178000001,5871.1198405,7.250237962503414
2025-07-21,6305.6001,6041.769584,5873.835440999999,7.350642750156688
2025-07-22,6309.6201,6054.683188,5876.839791499999,7.364167203025618
2025-07-23,6358.9102,6068.663188,5880.0866424999995,8.143137790507504
2025-07-24,6363.3501,6079.046392000001,5883.4036935,8.157631729915881
2025-07-25,6388.6401,6089.0881979999995,5886.591545,8.528679986747733
2025-07-28,6389.77,6099.031996000001,5890.0606955,8.483941513230553
2025-07-29,6370.8599,6108.11059,5893.1593455,8.106017952234247
2025-07-30,6362.8999,6116.20099,5896.013645,7.918676636644739
2025-07-31,6339.3901,6123.71679,5898.8103464999995,7.468959461655067
2025-08-01,6238.0098,6129.667786000001,5900.9252465,5.712401689886404
2025-08-04,6329.9399,6139.3743859999995,5903.275695499999,7.227583912864555
2025-08-05,6299.1899,6148.517988,5905.695346,6.662967372106632
2025-08-06,6345.0601,6159.362794,5908.208295499999,7.393981096311886
2025-08-07,6340.0,6167.731994000001,5910.700944499999,7.263081985216502
2025-08-08,6389.4502,6177.750002,5913.3248459999995,8.051736821495115
2025-08-11,6373.4502,6186.975608,5915.922197,7.733840773497924
2025-08-12,6445.7598,6197.6570059999995,5918.894995000001,8.901404830548088
2025-08-13,6466.5801,6208.269810000001,5922.240796000001,9.191441597032956
2025-08-14,6468.54,6218.233208,5925.5341965,9.163828702916522
2025-08-15,6449.7998,6227.813001999999,5928.742595000001,8.788662969436922
2025-08-18,6449.1499,6238.010004,5931.8707445,8.720337609844563
2025-08-19,6411.3701,6246.230208000001,5934.7629955,8.030768960131752
2025-08-20,6395.7798,6254.028206000001,5937.673545000001,7.715248262272056
2025-08-21,6370.1699,6260.655402,5940.997143500001,7.22391790693846
2025-08-22,6466.9102,6269.548802,5944.687695500001,8.784692001487482
2025-08-25,6439.3198,6277.430002,5948.320845,8.254412762766838
2025-08-26,6465.9399,6287.209395999999,5951.7367455,8.639548025856136
2025-08-27,6481.3999,6296.175196,5954.498545,8.848794756066237
2025-08-28,6501.8599,6306.55799,5957.142344000001,9.143940576619535
2025-08-29,6460.2598,6316.145784,5959.465943,8.403334489867053
2025-09-02,6415.54,6325.099788,5961.536892499999,7.615538001134681
2025-09-03,6448.2598,6333.561586000001,5963.858240500001,8.122284936460655
2025-09-04,6502.0801,6341.759584,5966.4417415,8.977517617817842
2025-09-05,6481.5,6349.546379999999,5969.103392000001,8.584146970661145
2025-09-08,6495.1499,6356.628978000001,5972.226041,8.755928784511324
2025-09-09,6512.6099,6363.41978,5975.32099,8.991799953495061
2025-09-10,6532.04,6369.961576000001,5978.39629,9.260739555289677
2025-09-11,6587.4702,6377.750784,5981.7480915,10.126172136214251
2025-09-12,6584.29,6384.888186,5984.9259915,10.014560068933797
2025-09-15,6615.2798,6391.606779999999,5988.1556915,10.472742206589313
2025-09-16,6606.7598,6399.142376,5991.252640000001,10.273430232112513
2025-09-17,6600.3501,6406.638977999999,5994.146241,10.113264418768452
2025-09-18,6631.96,6414.012981999999,5997.3123399999995,10.582201226491406
2025-09-19,6664.3599,6421.69098,6000.47224,11.063923528792131
2025-09-22,6693.75,6430.37098,6003.7052405,11.493648203197449
2025-09-23,6656.9199,6438.138176,6006.740440500001,10.824164385666023
2025-09-24,6637.9702,6446.022384,6009.4978405,10.457984613365134
2025-09-25,6604.7202,6452.8427839999995,6012.1458920000005,9.856286235310785
2025-09-26,6643.7002,6459.76959,6014.9130430000005,10.453802947854186
2025-09-29,6661.21,6467.05799,6017.954842500001,10.688932940426898
2025-09-30,6688.46,6474.715187999999,6021.222591500001,11.08142737393434
2025-10-01,6711.2002,6482.74679,6024.357642999999,11.401091995228363
2025-10-02,6715.3501,6489.875588,6027.6781435,11.408571262909195
2025-10-03,6715.79,6496.924386,6031.0016445,11.354471377478337
2025-10-06,6740.2798,6503.95718,6034.332643000001,11.698843911412782
2025-10-07,6714.5898,6510.453576,6037.6525425,11.21192802558495
2025-10-08,6753.7202,6518.110782,6042.0603425,11.778430157245644
2025-10-09,6735.1099,6525.554982000001,6046.4004915000005,11.39040342213824
2025-10-10,6552.5098,6529.817376,6049.50879,8.31474136927406
2025-10-13,6654.7202,6538.151583999999,6052.912042,9.942456685710411
2025-10-14,6644.3101,6544.438988,6055.933392499999,9.715706388525991
2025-10-15,6671.0601,6551.876392,6059.100744,10.099837943872947
2025-10-16,6629.0698,6557.556586,6062.391894,9.347431111486637
2025-10-17,6664.0098,6564.036781999999,6066.177243499999,9.855177857531071
2025-10-20,6735.1299,6570.950376000001,6070.4447435,10.9495298052374
2025-10-21,6735.3501,6578.188373999999,6074.7787450000005,10.87399858873377
2025-10-22,6699.3999,6583.261176,6078.5633935000005,10.213540047371716
2025-10-23,6738.4399,6588.698372,6082.378693500001,10.786260434607708
2025-10-24,6791.6899,6595.16137,6086.791993999999,11.580778621888976
2025-10-27,6875.1602,6603.668578,6091.576545,12.863396679192519
2025-10-28,6890.8901,6612.503382,6096.8957955000005,13.02292725891807
2025-10-29,6890.5898,6622.087776,6102.1676435,12.920362116564
2025-10-30,6822.3398,6630.618975999999,6107.0647915,11.712255116329228
2025-10-31,6840.2002,6640.019582,6111.5162414999995,11.92312888824385
2025-11-03,6851.9702,6647.720782,6116.0893935,12.031884414280668
2025-11-04,6771.5498,6654.365382000001,6119.963841499999,10.64689229177369
2025-11-05,6796.29,6660.972384000001,6123.6990905,10.983408876889843
2025-11-06,6720.3198,6665.750782,6126.868839,9.68603991034449
2025-11-07,6728.7998,6670.289580000001,6129.919288,9.769794411035315
2025-11-10,6832.4302,6677.732988,6133.575237999999,11.393924992886827
2025-11-11,6846.6099,6686.354386,6137.746888500001,11.549238252691097
2025-11-12,6850.9199,6694.407587999999,6141.662987000001,11.548287727628104
2025-11-13,6737.4902,6699.11579,6145.1538875,9.639080214164952
2025-11-14,6734.1099,6704.167988,6148.4685875000005,9.524994787980612
2025-11-17,6672.4102,6707.713194,6151.6279895,8.465762419133682
2025-11-18,6617.3198,6709.807392000001,6154.741739499999,7.5157996887385226
2025-11-19,6642.1602,6712.009795999999,6157.763140999999,7.866445134512534
2025-11-20,6538.7598,6711.035588,6160.14954,6.146121251465586
2025-11-21,6602.9902,6711.409592,6162.746642,7.143625782044594
2025-11-24,6705.1201,6713.206398,6166.1422915,8.74092395245205
2025-11-25,6765.8799,6716.3888,6169.6394915,9.664104512450834
2025-11-26,6812.6099,6720.6339960000005,6173.360041,10.354974515571126
2025-11-28,6849.0898,6724.976592,6177.345638999999,10.87431722711154
2025-12-01,6812.6299,6727.941992,6180.8334395,10.2218651689004
2025-12-02,6829.3701,6730.654394,6184.4071404999995,10.428856717345036
2025-12-03,6849.7202,6734.510399999999,6188.007841000001,10.693463486191446
2025-12-04,6857.1201,6738.893397999999,6191.572692,10.749246453327444
2025-12-05,6870.3999,6744.206992,6195.3370915000005,10.89630472934533
2025-12-08,6846.5098,6748.2631839999995,6199.5039910000005,10.43641249266516
2025-12-09,6840.5098,6751.849179999999,6203.790290000001,10.263395121952112
2025-12-10,6886.6802,6755.813584,6208.447441,10.924353720400592
2025-12-11,6901.0,6759.60958,6213.1721405,11.070478073775813
2025-12-12,6827.4102,6761.8507819999995,6218.0013425,9.800719297609263
2025-12-15,6816.5098,6763.865177999999,6222.3113915,9.549480427991842
2025-12-16,6800.2598,6765.064778,6227.0640895,9.20491105056258
2025-12-17,6721.4302,6765.201585999999,6231.780491,7.857300328648553
2025-12-18,6774.7598,6765.622378,6236.4411405,8.631824583480974
2025-12-19,6834.5,6767.61018,6241.921040499999,9.493535013581855
2025-12-22,6878.4902,6774.129787999999,6247.4624905,10.10054418829327
2025-12-23,6909.79,6779.231184,6253.93864,10.487013028960579
2025-12-24,6932.0498,6784.985978,6260.73854,10.722557022801338
2025-12-26,6929.9399,6790.163574,6267.3917405,10.57135387307293
2025-12-29,6905.7402,6795.6969819999995,6274.312841499999,10.063689434220912
2025-12-30,6896.2402,6800.34159,6280.599343000001,9.802262863434485
2025-12-31,6845.5,6802.548992,6286.451242500001,8.89291487255177
2026-01-02,6858.4702,6805.011394,6292.6702925,8.991411931662086
2026-01-05,6902.0498,6809.064392,6298.804091499999,9.577146704944495
2026-01-06,6944.8198,6813.19199,6305.213740000001,10.144082125913778
2026-01-07,6920.9302,6815.776796,6311.480590499999,9.656206665949995
2026-01-08,6921.46,6816.702792,6317.2500415,9.564445835304202
2026-01-09,6966.2798,6818.210586,6323.1981909999995,10.170195359609613
2026-01-12,6977.27,6819.94419,6329.52354,10.233731747840213
2026-01-13,6963.7402,6822.772198000001,6335.875690499999,9.909672161677975
2026-01-14,6926.6001,6824.500196,6342.603991500001,9.207513338096419
2026-01-15,6944.4702,6826.350196,6349.267091999999,9.374359266598642
2026-01-16,6940.0098,6829.7193959999995,6355.801792,9.191727922279425
2026-01-20,6796.8599,6829.730794,6361.4312405,6.844822226920377
2026-01-21,6875.6201,6832.836800000001,6368.826741000001,7.957405337115908
2026-01-22,6913.3501,6836.527805999999,6378.023090999999,8.393306222979934
2026-01-23,6915.6099,6838.1914,6387.2898905,8.271426826670037
2026-01-26,6950.23,6840.263802,6397.127190499999,8.646112434990826
2026-01-27,6978.6001,6842.817406,6404.735691500001,8.96000141366644
2026-01-28,6978.0298,6847.628198,6413.2855915,8.80584842890042
2026-01-29,6969.0098,6852.326196000001,6421.313840999999,8.529344189704124
2026-01-30,6939.0298,6857.658587999999,6428.979139,7.9336182303950675
2026-02-02,6976.4399,6864.84099,6436.878188999999,8.382350809777005
2026-02-03,6917.8101,6870.353988,6445.0887385,7.334598182895147
2026-02-04,6882.7202,6877.233196,6453.0888385,6.657763007023254
2026-02-05,6798.3999,6881.14139,6461.289837,5.217380298738017
2026-02-06,6932.2998,6885.684984,6469.512537,7.153355996348387
2026-02-09,6964.8198,6889.6637820000005,6477.457336500001,7.523977977496621
2026-02-10,6941.8101,6892.247786000001,6484.742537,7.0483532752782185
2026-02-11,6941.4702,6894.095394,6491.823838,6.926348792276005
2026-02-12,6832.7598,6894.4979920000005,6498.343887,5.146171375586972
2026-02-13,6836.1699,6894.633988,6504.7205859999995,5.095519624830214
2026-02-17,6843.2202,6894.503988,6511.0913865,5.1009699263111274
2026-02-18,6881.3101,6894.987788000001,6517.477236500001,5.5824186306691725
2026-02-19,6861.8901,6894.817591999999,6523.3533375,5.189612534919652
2026-02-20,6909.5098,6896.077592,6529.6489870000005,5.8174767702869
2026-02-23,6837.75,6896.022395999999,6535.803186,4.6198884116765315
2026-02-24,6890.0698,6896.090187999999,6542.097136,5.318977336566411
2026-02-25,6946.1299,6896.992786,6548.508086,6.071945071734319
2026-02-26,6908.8599,6898.62178,6554.7528345,5.402294707989719
2026-02-27,6878.8799,6899.869182,6559.926284499999,4.862152433841116
2026-03-02,6881.6201,6901.4963880000005,6564.901636,4.824420555872599
2026-03-03,6816.6299,6903.400382000001,6569.521884999999,3.7614307300538163
2026-03-04,6869.5,6905.295186,6574.284734,4.490454520067333
2026-03-05,6830.71,6905.219386,6578.6463845,3.8315422469565874
2026-03-06,6740.02,6902.449982,6582.528484,2.39256869731459
2026-03-09,6795.9902,6900.173986,6586.806135,3.1758041866219333
2026-03-10,6781.48,6897.16259,6591.4904855,2.8823452740763145
2026-03-11,6775.7998,6894.079788,6596.1594355,2.723408466041466
2026-03-12,6672.6201,6889.417386,6600.5084369999995,1.0925167915212253
2026-03-13,6632.1899,6884.13638,6604.0616865,0.42592293705401296
2026-03-16,6699.3799,6881.213978000001,6608.115837000001,1.3810905445845068
2026-03-17,6716.0898,6878.36637,6612.1354365,1.5721753508882497
2026-03-18,6624.7002,6872.819377999999,6615.700488000001,0.13603566268338696
2026-03-19,6606.4902,6866.052785999999,6619.0532395,-0.18980115502060801
2026-03-20,6506.48,6857.763781999999,6621.733789,-1.7405379417617106
2026-03-23,6581.0,6850.954582,6624.7847385,-0.6609231881232969
2026-03-24,6556.3701,6842.756388,6627.870089999999,-1.0787777827431677
2026-03-25,6591.8999,6835.048986,6630.827789999999,-0.5870743628526465
2026-03-26,6477.1602,6825.317385999999,6633.1841914999995,-2.352173360419174
2026-03-27,6368.8501,6814.162386,6634.8343915,-4.008906263595014
2026-03-30,6343.7202,6802.147386000001,6636.441791499999,-4.410821351208405
2026-03-31,6528.52,6793.917590000001,6638.858092500001,-1.6620040820672255
2026-04-01,6575.3198,6789.486788,6641.8498405,-1.001679382968279
2026-04-02,6582.6899,6783.628184,6644.5977404999985,-0.9317018564217849
2026-04-06,6611.8301,6777.597784,6647.74329,-0.5402313000567149
2026-04-07,6616.8501,6771.622588000001,6650.92319,-0.512306172039867
2026-04-08,6782.8101,6768.27419,6654.9980415,1.9205423908913888
2026-04-09,6824.6602,6765.195392,6658.995493,2.487833295189157
2026-04-10,6816.8901,6761.972598,6662.6190425,2.315471686373227
2026-04-13,6886.2402,6760.317206,6666.5894425,3.294799528222203
2026-04-14,6967.3799,6760.884208,6670.721242,4.4471751589945985
2026-04-15,7022.9502,6761.814414,6674.970644,5.2131997960589205
2026-04-16,7041.2798,6764.283808,6679.152292,5.421758513183494
2026-04-17,7126.0601,6769.150605999999,6683.7925435,6.617015019864825
2026-04-20,7109.1401,6775.365410000001,6688.2011445,6.293754425226217
2026-04-21,7064.0098,6777.99961,6692.124443,5.557059797191832
2026-04-22,7137.8999,6781.461211999999,6696.6640425000005,6.588890449031348
2026-04-23,7108.3999,6784.793008,6701.078441999999,6.078446350471789
2026-04-24,7165.0801,6789.265206,6705.587543500001,6.852383232926451
2026-04-27,7173.9102,6796.088214,6710.0547945,6.9128407994552665
2026-04-28,7138.7998,6802.140812000001,6714.450043499999,6.319948078410342
2026-04-29,7135.9502,6807.995412,6718.786994,6.208906553705829
2026-04-30,7209.0098,6814.549406,6723.613243999999,7.219281335569949
2026-05-01,7230.1201,6821.914006000001,6728.4453435,7.456027817549904
2026-05-04,7200.75,6827.738810000001,6732.962294,6.947725021672313
2026-05-05,7259.2202,6836.168214,6737.774445,7.73913937393611
2026-05-06,7365.1201,6845.66922,6743.072045,9.224994940714737
2026-05-07,7337.1099,6853.488820000001,6748.209494000001,8.726765322321505
