date,us_2y,us_10y,yield_curve_2y10y
2021-05-10,0.16,1.63,1.47
2021-05-11,0.16,1.64,1.48
2021-05-12,0.16,1.69,1.53
2021-05-13,0.16,1.66,1.5
2021-05-14,0.16,1.63,1.47
2021-05-17,0.16,1.64,1.48
2021-05-18,0.16,1.64,1.48
2021-05-19,0.16,1.68,1.52
2021-05-20,0.15,1.63,1.48
2021-05-21,0.17,1.63,1.46
2021-05-24,0.15,1.61,1.4600000000000002
2021-05-25,0.15,1.56,1.4100000000000001
2021-05-26,0.14,1.58,1.44
2021-05-27,0.14,1.61,1.4700000000000002
2021-05-28,0.14,1.58,1.44
2021-06-01,0.16,1.62,1.4600000000000002
2021-06-02,0.13,1.59,1.46
2021-06-03,0.16,1.63,1.47
2021-06-04,0.14,1.56,1.42
2021-06-07,0.16,1.57,1.4100000000000001
2021-06-08,0.14,1.53,1.3900000000000001
2021-06-09,0.16,1.5,1.34
2021-06-10,0.14,1.45,1.31
2021-06-11,0.16,1.47,1.31
2021-06-14,0.16,1.51,1.35
2021-06-15,0.16,1.51,1.35
2021-06-16,0.21,1.57,1.36
2021-06-17,0.23,1.52,1.29
2021-06-18,0.26,1.45,1.19
2021-06-21,0.27,1.5,1.23
2021-06-22,0.25,1.48,1.23
2021-06-23,0.26,1.5,1.24
2021-06-24,0.26,1.49,1.23
2021-06-25,0.28,1.54,1.26
2021-06-28,0.25,1.49,1.24
2021-06-29,0.27,1.49,1.22
2021-06-30,0.25,1.45,1.2
2021-07-01,0.25,1.48,1.23
2021-07-02,0.24,1.44,1.2
2021-07-06,0.22,1.37,1.1500000000000001
2021-07-07,0.22,1.33,1.11
2021-07-08,0.19,1.3,1.11
2021-07-09,0.23,1.37,1.1400000000000001
2021-07-12,0.23,1.38,1.15
2021-07-13,0.26,1.42,1.16
2021-07-14,0.23,1.37,1.1400000000000001
2021-07-15,0.23,1.31,1.08
2021-07-16,0.25,1.31,1.06
2021-07-19,0.21,1.19,0.98
2021-07-20,0.2,1.23,1.03
2021-07-21,0.22,1.3,1.08
2021-07-22,0.2,1.27,1.07
2021-07-23,0.22,1.3,1.08
2021-07-26,0.22,1.29,1.07
2021-07-27,0.2,1.25,1.05
2021-07-28,0.2,1.26,1.06
2021-07-29,0.2,1.28,1.08
2021-07-30,0.19,1.24,1.05
2021-08-02,0.17,1.2,1.03
2021-08-03,0.17,1.19,1.02
2021-08-04,0.17,1.19,1.02
2021-08-05,0.21,1.23,1.02
2021-08-06,0.21,1.31,1.1
2021-08-09,0.23,1.33,1.1
2021-08-10,0.24,1.36,1.12
2021-08-11,0.23,1.35,1.12
2021-08-12,0.23,1.36,1.1300000000000001
2021-08-13,0.23,1.29,1.06
2021-08-16,0.21,1.26,1.05
2021-08-17,0.23,1.26,1.03
2021-08-18,0.23,1.27,1.04
2021-08-19,0.22,1.24,1.02
2021-08-20,0.23,1.26,1.03
2021-08-23,0.23,1.25,1.02
2021-08-24,0.24,1.29,1.05
2021-08-25,0.23,1.35,1.12
2021-08-26,0.25,1.34,1.09
2021-08-27,0.22,1.31,1.09
2021-08-30,0.2,1.29,1.09
2021-08-31,0.2,1.3,1.1
2021-09-01,0.2,1.31,1.11
2021-09-02,0.2,1.29,1.09
2021-09-03,0.21,1.33,1.12
2021-09-07,0.22,1.38,1.16
2021-09-08,0.22,1.35,1.1300000000000001
2021-09-09,0.23,1.3,1.07
2021-09-10,0.23,1.35,1.12
2021-09-13,0.21,1.33,1.12
2021-09-14,0.21,1.28,1.07
2021-09-15,0.21,1.31,1.1
2021-09-16,0.23,1.34,1.11
2021-09-17,0.23,1.37,1.1400000000000001
2021-09-20,0.23,1.31,1.08
2021-09-21,0.22,1.33,1.11
2021-09-22,0.25,1.32,1.07
2021-09-23,0.27,1.41,1.14
2021-09-24,0.29,1.47,1.18
2021-09-27,0.31,1.48,1.17
2021-09-28,0.31,1.54,1.23
2021-09-29,0.3,1.55,1.25
2021-09-30,0.28,1.52,1.24
2021-10-01,0.27,1.48,1.21
2021-10-04,0.27,1.49,1.22
2021-10-05,0.28,1.54,1.26
2021-10-06,0.3,1.53,1.23
2021-10-07,0.32,1.58,1.26
2021-10-08,0.32,1.61,1.29
2021-10-12,0.35,1.59,1.2400000000000002
2021-10-13,0.37,1.56,1.19
2021-10-14,0.36,1.52,1.1600000000000001
2021-10-15,0.41,1.59,1.1800000000000002
2021-10-18,0.44,1.59,1.1500000000000001
2021-10-19,0.41,1.65,1.24
2021-10-20,0.4,1.65,1.25
2021-10-21,0.45,1.68,1.23
2021-10-22,0.48,1.66,1.18
2021-10-25,0.47,1.64,1.17
2021-10-26,0.47,1.63,1.16
2021-10-27,0.5,1.54,1.04
2021-10-28,0.5,1.57,1.07
2021-10-29,0.48,1.55,1.07
2021-11-01,0.5,1.58,1.08
2021-11-02,0.46,1.56,1.1
2021-11-03,0.47,1.6,1.1300000000000001
2021-11-04,0.41,1.53,1.12
2021-11-05,0.39,1.45,1.06
2021-11-08,0.45,1.51,1.06
2021-11-09,0.41,1.46,1.05
2021-11-10,0.51,1.56,1.05
2021-11-12,0.53,1.58,1.05
2021-11-15,0.53,1.63,1.0999999999999999
2021-11-16,0.54,1.63,1.0899999999999999
2021-11-17,0.52,1.6,1.08
2021-11-18,0.52,1.59,1.07
2021-11-19,0.52,1.54,1.02
2021-11-22,0.63,1.63,0.9999999999999999
2021-11-23,0.6,1.67,1.0699999999999998
2021-11-24,0.64,1.64,0.9999999999999999
2021-11-26,0.5,1.48,0.98
2021-11-29,0.51,1.52,1.01
2021-11-30,0.52,1.43,0.9099999999999999
2021-12-01,0.56,1.43,0.8699999999999999
2021-12-02,0.63,1.44,0.8099999999999999
2021-12-03,0.6,1.35,0.7500000000000001
2021-12-06,0.65,1.43,0.7799999999999999
2021-12-07,0.7,1.48,0.78
2021-12-08,0.68,1.52,0.84
2021-12-09,0.7,1.49,0.79
2021-12-10,0.67,1.48,0.8099999999999999
2021-12-13,0.66,1.42,0.7599999999999999
2021-12-14,0.67,1.44,0.7699999999999999
2021-12-15,0.69,1.47,0.78
2021-12-16,0.64,1.44,0.7999999999999999
2021-12-17,0.66,1.41,0.7499999999999999
2021-12-20,0.65,1.43,0.7799999999999999
2021-12-21,0.7,1.48,0.78
2021-12-22,0.68,1.46,0.7799999999999999
2021-12-23,0.71,1.5,0.79
2021-12-27,0.76,1.48,0.72
2021-12-28,0.74,1.49,0.75
2021-12-29,0.75,1.55,0.8
2021-12-30,0.73,1.52,0.79
2021-12-31,0.73,1.52,0.79
2022-01-03,0.78,1.63,0.8499999999999999
2022-01-04,0.77,1.66,0.8899999999999999
2022-01-05,0.83,1.71,0.88
2022-01-06,0.88,1.73,0.85
2022-01-07,0.87,1.76,0.89
2022-01-10,0.92,1.78,0.86
2022-01-11,0.9,1.75,0.85
2022-01-12,0.92,1.74,0.82
2022-01-13,0.91,1.7,0.7899999999999999
2022-01-14,0.99,1.78,0.79
2022-01-18,1.06,1.87,0.81
2022-01-19,1.04,1.83,0.79
2022-01-20,1.08,1.83,0.75
2022-01-21,1.01,1.75,0.74
2022-01-24,0.99,1.75,0.76
2022-01-25,1.02,1.78,0.76
2022-01-26,1.13,1.85,0.7200000000000002
2022-01-27,1.18,1.81,0.6300000000000001
2022-01-28,1.15,1.78,0.6300000000000001
2022-01-31,1.18,1.79,0.6100000000000001
2022-02-01,1.18,1.81,0.6300000000000001
2022-02-02,1.16,1.78,0.6200000000000001
2022-02-03,1.19,1.82,0.6300000000000001
2022-02-04,1.31,1.93,0.6199999999999999
2022-02-07,1.3,1.92,0.6199999999999999
2022-02-08,1.35,1.96,0.6099999999999999
2022-02-09,1.36,1.94,0.5799999999999998
2022-02-10,1.61,2.03,0.4199999999999997
2022-02-11,1.5,1.92,0.41999999999999993
2022-02-14,1.58,1.98,0.3999999999999999
2022-02-15,1.58,2.05,0.46999999999999975
2022-02-16,1.52,2.03,0.5099999999999998
2022-02-17,1.49,1.97,0.48
2022-02-18,1.47,1.92,0.44999999999999996
2022-02-22,1.56,1.94,0.3799999999999999
2022-02-23,1.58,1.99,0.4099999999999999
2022-02-24,1.54,1.96,0.41999999999999993
2022-02-25,1.55,1.97,0.41999999999999993
2022-02-28,1.44,1.83,0.3900000000000001
2022-03-01,1.31,1.72,0.4099999999999999
2022-03-02,1.5,1.86,0.3600000000000001
2022-03-03,1.53,1.86,0.33000000000000007
2022-03-04,1.5,1.74,0.24
2022-03-07,1.55,1.78,0.22999999999999998
2022-03-08,1.63,1.86,0.2300000000000002
2022-03-09,1.68,1.94,0.26
2022-03-10,1.72,1.98,0.26
2022-03-11,1.75,2.0,0.25
2022-03-14,1.87,2.14,0.27
2022-03-15,1.85,2.15,0.2999999999999998
2022-03-16,1.95,2.19,0.24
2022-03-17,1.94,2.2,0.26000000000000023
2022-03-18,1.97,2.14,0.17000000000000015
2022-03-21,2.14,2.32,0.17999999999999972
2022-03-22,2.18,2.38,0.19999999999999973
2022-03-23,2.13,2.32,0.18999999999999995
2022-03-24,2.13,2.34,0.20999999999999996
2022-03-25,2.3,2.48,0.18000000000000016
2022-03-28,2.35,2.46,0.10999999999999988
2022-03-29,2.35,2.41,0.06000000000000005
2022-03-30,2.31,2.35,0.040000000000000036
2022-03-31,2.28,2.32,0.040000000000000036
2022-04-01,2.44,2.39,-0.04999999999999982
2022-04-04,2.43,2.42,-0.010000000000000231
2022-04-05,2.51,2.54,0.03000000000000025
2022-04-06,2.5,2.61,0.10999999999999988
2022-04-07,2.47,2.66,0.18999999999999995
2022-04-08,2.53,2.72,0.1900000000000004
2022-04-11,2.5,2.79,0.29000000000000004
2022-04-12,2.39,2.72,0.33000000000000007
2022-04-13,2.37,2.7,0.33000000000000007
2022-04-14,2.47,2.83,0.3599999999999999
2022-04-18,2.46,2.85,0.3900000000000001
2022-04-19,2.61,2.93,0.3200000000000003
2022-04-20,2.6,2.85,0.25
2022-04-21,2.68,2.9,0.21999999999999975
2022-04-22,2.72,2.9,0.17999999999999972
2022-04-25,2.63,2.81,0.18000000000000016
2022-04-26,2.54,2.77,0.22999999999999998
2022-04-27,2.58,2.82,0.23999999999999977
2022-04-28,2.63,2.85,0.2200000000000002
2022-04-29,2.7,2.89,0.18999999999999995
2022-05-02,2.73,2.99,0.26000000000000023
2022-05-03,2.78,2.97,0.1900000000000004
2022-05-04,2.66,2.93,0.27
2022-05-05,2.71,3.05,0.33999999999999986
2022-05-06,2.72,3.12,0.3999999999999999
2022-05-09,2.61,3.05,0.43999999999999995
2022-05-10,2.62,2.99,0.3700000000000001
2022-05-11,2.66,2.91,0.25
2022-05-12,2.56,2.84,0.2799999999999998
2022-05-13,2.61,2.93,0.3200000000000003
2022-05-16,2.58,2.88,0.2999999999999998
2022-05-17,2.71,2.98,0.27
2022-05-18,2.68,2.89,0.20999999999999996
2022-05-19,2.63,2.84,0.20999999999999996
2022-05-20,2.6,2.78,0.17999999999999972
2022-05-23,2.65,2.86,0.20999999999999996
2022-05-24,2.5,2.76,0.2599999999999998
2022-05-25,2.48,2.75,0.27
2022-05-26,2.46,2.75,0.29000000000000004
2022-05-27,2.47,2.74,0.27
2022-05-31,2.53,2.85,0.3200000000000003
2022-06-01,2.66,2.94,0.2799999999999998
2022-06-02,2.65,2.92,0.27
2022-06-03,2.66,2.96,0.2999999999999998
2022-06-06,2.73,3.04,0.31000000000000005
2022-06-07,2.75,2.98,0.22999999999999998
2022-06-08,2.78,3.03,0.25
2022-06-09,2.83,3.04,0.20999999999999996
2022-06-10,3.06,3.15,0.08999999999999986
2022-06-13,3.4,3.43,0.03000000000000025
2022-06-14,3.45,3.49,0.040000000000000036
2022-06-15,3.2,3.33,0.1299999999999999
2022-06-16,3.14,3.28,0.13999999999999968
2022-06-17,3.17,3.25,0.08000000000000007
2022-06-21,3.21,3.31,0.10000000000000009
2022-06-22,3.06,3.16,0.10000000000000009
2022-06-23,3.01,3.09,0.08000000000000007
2022-06-24,3.04,3.13,0.08999999999999986
2022-06-27,3.08,3.2,0.1200000000000001
2022-06-28,3.1,3.2,0.10000000000000009
2022-06-29,3.06,3.1,0.040000000000000036
2022-06-30,2.92,2.98,0.06000000000000005
2022-07-01,2.84,2.88,0.040000000000000036
2022-07-05,2.82,2.82,0.0
2022-07-06,2.97,2.93,-0.040000000000000036
2022-07-07,3.03,3.01,-0.020000000000000018
2022-07-08,3.12,3.09,-0.03000000000000025
2022-07-11,3.07,2.99,-0.07999999999999963
2022-07-12,3.03,2.96,-0.06999999999999984
2022-07-13,3.13,2.91,-0.21999999999999975
2022-07-14,3.15,2.96,-0.18999999999999995
2022-07-15,3.13,2.93,-0.19999999999999973
2022-07-18,3.15,2.96,-0.18999999999999995
2022-07-19,3.23,3.01,-0.2200000000000002
2022-07-20,3.25,3.04,-0.20999999999999996
2022-07-21,3.1,2.91,-0.18999999999999995
2022-07-22,2.98,2.77,-0.20999999999999996
2022-07-25,3.0,2.81,-0.18999999999999995
2022-07-26,3.02,2.81,-0.20999999999999996
2022-07-27,2.96,2.78,-0.18000000000000016
2022-07-28,2.85,2.68,-0.16999999999999993
2022-07-29,2.89,2.67,-0.2200000000000002
2022-08-01,2.9,2.6,-0.2999999999999998
2022-08-02,3.06,2.75,-0.31000000000000005
2022-08-03,3.1,2.73,-0.3700000000000001
2022-08-04,3.03,2.68,-0.34999999999999964
2022-08-05,3.24,2.83,-0.41000000000000014
2022-08-08,3.21,2.77,-0.43999999999999995
2022-08-09,3.28,2.8,-0.48
2022-08-10,3.23,2.78,-0.4500000000000002
2022-08-11,3.23,2.87,-0.3599999999999999
2022-08-12,3.25,2.84,-0.41000000000000014
2022-08-15,3.2,2.79,-0.41000000000000014
2022-08-16,3.25,2.82,-0.43000000000000016
2022-08-17,3.28,2.89,-0.3899999999999997
2022-08-18,3.22,2.88,-0.3400000000000003
2022-08-19,3.25,2.98,-0.27
2022-08-22,3.32,3.03,-0.29000000000000004
2022-08-23,3.29,3.05,-0.2400000000000002
2022-08-24,3.36,3.11,-0.25
2022-08-25,3.35,3.03,-0.3200000000000003
2022-08-26,3.37,3.04,-0.33000000000000007
2022-08-29,3.42,3.12,-0.2999999999999998
2022-08-30,3.46,3.11,-0.3500000000000001
2022-08-31,3.45,3.15,-0.30000000000000027
2022-09-01,3.51,3.26,-0.25
2022-09-02,3.4,3.2,-0.19999999999999973
2022-09-06,3.5,3.33,-0.16999999999999993
2022-09-07,3.45,3.27,-0.18000000000000016
2022-09-08,3.48,3.29,-0.18999999999999995
2022-09-09,3.56,3.33,-0.22999999999999998
2022-09-12,3.58,3.37,-0.20999999999999996
2022-09-13,3.75,3.42,-0.33000000000000007
2022-09-14,3.78,3.41,-0.36999999999999966
2022-09-15,3.87,3.45,-0.41999999999999993
2022-09-16,3.85,3.45,-0.3999999999999999
2022-09-19,3.95,3.49,-0.45999999999999996
2022-09-20,3.96,3.57,-0.3900000000000001
2022-09-21,4.02,3.51,-0.5099999999999998
2022-09-22,4.11,3.7,-0.41000000000000014
2022-09-23,4.2,3.69,-0.5100000000000002
2022-09-26,4.27,3.88,-0.3899999999999997
2022-09-27,4.3,3.97,-0.3299999999999996
2022-09-28,4.07,3.72,-0.3500000000000001
2022-09-29,4.16,3.76,-0.40000000000000036
2022-09-30,4.22,3.83,-0.3899999999999997
2022-10-03,4.12,3.67,-0.4500000000000002
2022-10-04,4.1,3.62,-0.47999999999999954
2022-10-05,4.15,3.76,-0.39000000000000057
2022-10-06,4.23,3.83,-0.40000000000000036
2022-10-07,4.3,3.89,-0.4099999999999997
2022-10-11,4.3,3.93,-0.36999999999999966
2022-10-12,4.28,3.91,-0.3700000000000001
2022-10-13,4.47,3.97,-0.49999999999999956
2022-10-14,4.48,4.0,-0.4800000000000004
2022-10-17,4.45,4.02,-0.4300000000000006
2022-10-18,4.43,4.01,-0.41999999999999993
2022-10-19,4.55,4.14,-0.41000000000000014
2022-10-20,4.62,4.24,-0.3799999999999999
2022-10-21,4.49,4.21,-0.28000000000000025
2022-10-24,4.5,4.25,-0.25
2022-10-25,4.42,4.1,-0.3200000000000003
2022-10-26,4.39,4.04,-0.34999999999999964
2022-10-27,4.3,3.96,-0.33999999999999986
2022-10-28,4.41,4.02,-0.39000000000000057
2022-10-31,4.51,4.1,-0.41000000000000014
2022-11-01,4.54,4.07,-0.46999999999999975
2022-11-02,4.61,4.1,-0.5100000000000007
2022-11-03,4.71,4.14,-0.5700000000000003
2022-11-04,4.66,4.17,-0.4900000000000002
2022-11-07,4.72,4.22,-0.5
2022-11-08,4.67,4.14,-0.5300000000000002
2022-11-09,4.61,4.12,-0.4900000000000002
2022-11-10,4.34,3.82,-0.52
2022-11-14,4.4,3.88,-0.5200000000000005
2022-11-15,4.37,3.8,-0.5700000000000003
2022-11-16,4.35,3.67,-0.6799999999999997
2022-11-17,4.43,3.77,-0.6599999999999997
2022-11-18,4.51,3.82,-0.69
2022-11-21,4.48,3.83,-0.6500000000000004
2022-11-22,4.47,3.76,-0.71
2022-11-23,4.46,3.71,-0.75
2022-11-25,4.42,3.68,-0.7399999999999998
2022-11-28,4.46,3.69,-0.77
2022-11-29,4.48,3.75,-0.7300000000000004
2022-11-30,4.38,3.68,-0.6999999999999997
2022-12-01,4.25,3.53,-0.7200000000000002
2022-12-02,4.28,3.51,-0.7700000000000005
2022-12-05,4.41,3.6,-0.81
2022-12-06,4.34,3.51,-0.8300000000000001
2022-12-07,4.26,3.42,-0.8399999999999999
2022-12-08,4.31,3.48,-0.8299999999999996
2022-12-09,4.33,3.57,-0.7600000000000002
2022-12-12,4.39,3.61,-0.7799999999999998
2022-12-13,4.22,3.51,-0.71
2022-12-14,4.23,3.49,-0.7400000000000002
2022-12-15,4.23,3.44,-0.7900000000000005
2022-12-16,4.17,3.48,-0.69
2022-12-19,4.25,3.57,-0.6800000000000002
2022-12-20,4.25,3.69,-0.56
2022-12-21,4.21,3.68,-0.5299999999999998
2022-12-22,4.24,3.67,-0.5700000000000003
2022-12-23,4.31,3.75,-0.5599999999999996
2022-12-27,4.32,3.84,-0.4800000000000004
2022-12-28,4.31,3.88,-0.4299999999999997
2022-12-29,4.34,3.83,-0.5099999999999998
2022-12-30,4.41,3.88,-0.5300000000000002
2023-01-03,4.4,3.79,-0.6100000000000003
2023-01-04,4.36,3.69,-0.6700000000000004
2023-01-05,4.45,3.71,-0.7400000000000002
2023-01-06,4.24,3.55,-0.6900000000000004
2023-01-09,4.19,3.53,-0.6600000000000006
2023-01-10,4.24,3.61,-0.6300000000000003
2023-01-11,4.2,3.54,-0.6600000000000001
2023-01-12,4.12,3.43,-0.69
2023-01-13,4.22,3.49,-0.7299999999999995
2023-01-17,4.18,3.53,-0.6499999999999999
2023-01-18,4.06,3.37,-0.6899999999999995
2023-01-19,4.09,3.39,-0.6999999999999997
2023-01-20,4.14,3.48,-0.6599999999999997
2023-01-23,4.21,3.52,-0.69
2023-01-24,4.12,3.46,-0.6600000000000001
2023-01-25,4.11,3.46,-0.6500000000000004
2023-01-26,4.17,3.49,-0.6799999999999997
2023-01-27,4.19,3.52,-0.6700000000000004
2023-01-30,4.25,3.55,-0.7000000000000002
2023-01-31,4.21,3.52,-0.69
2023-02-01,4.09,3.39,-0.6999999999999997
2023-02-02,4.09,3.4,-0.69
2023-02-03,4.3,3.53,-0.77
2023-02-06,4.44,3.63,-0.8100000000000005
2023-02-07,4.47,3.67,-0.7999999999999998
2023-02-08,4.45,3.63,-0.8200000000000003
2023-02-09,4.48,3.67,-0.8100000000000005
2023-02-10,4.5,3.74,-0.7599999999999998
2023-02-13,4.52,3.72,-0.7999999999999994
2023-02-14,4.6,3.77,-0.8299999999999996
2023-02-15,4.62,3.81,-0.81
2023-02-16,4.62,3.86,-0.7600000000000002
2023-02-17,4.6,3.82,-0.7799999999999998
2023-02-21,4.67,3.95,-0.7199999999999998
2023-02-22,4.66,3.93,-0.73
2023-02-23,4.66,3.88,-0.7800000000000002
2023-02-24,4.78,3.95,-0.8300000000000001
2023-02-27,4.78,3.92,-0.8600000000000003
2023-02-28,4.81,3.92,-0.8899999999999997
2023-03-01,4.89,4.01,-0.8799999999999999
2023-03-02,4.89,4.08,-0.8099999999999996
2023-03-03,4.86,3.97,-0.8900000000000001
2023-03-06,4.89,3.98,-0.9099999999999997
2023-03-07,5.0,3.97,-1.0299999999999998
2023-03-08,5.05,3.98,-1.0699999999999998
2023-03-09,4.9,3.93,-0.9700000000000002
2023-03-10,4.6,3.7,-0.8999999999999995
2023-03-13,4.03,3.55,-0.4800000000000004
2023-03-14,4.2,3.64,-0.56
2023-03-15,3.93,3.51,-0.4200000000000004
2023-03-16,4.14,3.56,-0.5799999999999996
2023-03-17,3.81,3.39,-0.41999999999999993
2023-03-20,3.92,3.47,-0.44999999999999973
2023-03-21,4.17,3.59,-0.5800000000000001
2023-03-22,3.96,3.48,-0.48
2023-03-23,3.76,3.38,-0.3799999999999999
2023-03-24,3.76,3.38,-0.3799999999999999
2023-03-27,3.94,3.53,-0.41000000000000014
2023-03-28,4.02,3.55,-0.46999999999999975
2023-03-29,4.08,3.57,-0.5100000000000002
2023-03-30,4.1,3.55,-0.5499999999999998
2023-03-31,4.06,3.48,-0.5799999999999996
2023-04-03,3.97,3.43,-0.54
2023-04-04,3.84,3.35,-0.48999999999999977
2023-04-05,3.79,3.3,-0.4900000000000002
2023-04-06,3.82,3.3,-0.52
2023-04-07,3.97,3.39,-0.5800000000000001
2023-04-10,4.0,3.41,-0.5899999999999999
2023-04-11,4.03,3.43,-0.6000000000000001
2023-04-12,3.95,3.41,-0.54
2023-04-13,3.96,3.45,-0.5099999999999998
2023-04-14,4.08,3.52,-0.56
2023-04-17,4.18,3.6,-0.5799999999999996
2023-04-18,4.19,3.58,-0.6100000000000003
2023-04-19,4.24,3.6,-0.6400000000000001
2023-04-20,4.14,3.54,-0.5999999999999996
2023-04-21,4.17,3.57,-0.6000000000000001
2023-04-24,4.12,3.52,-0.6000000000000001
2023-04-25,3.86,3.4,-0.45999999999999996
2023-04-26,3.9,3.43,-0.46999999999999975
2023-04-27,4.07,3.53,-0.5400000000000005
2023-04-28,4.04,3.44,-0.6000000000000001
2023-05-01,4.14,3.59,-0.5499999999999998
2023-05-02,3.97,3.44,-0.5300000000000002
2023-05-03,3.89,3.38,-0.5100000000000002
2023-05-04,3.75,3.37,-0.3799999999999999
2023-05-05,3.92,3.44,-0.48
2023-05-08,4.0,3.52,-0.48
2023-05-09,4.01,3.53,-0.48
2023-05-10,3.9,3.43,-0.46999999999999975
2023-05-11,3.89,3.39,-0.5
2023-05-12,3.98,3.46,-0.52
2023-05-15,3.99,3.5,-0.4900000000000002
2023-05-16,4.06,3.54,-0.5199999999999996
2023-05-17,4.12,3.57,-0.5500000000000003
2023-05-18,4.24,3.65,-0.5900000000000003
2023-05-19,4.28,3.7,-0.5800000000000001
2023-05-22,4.29,3.72,-0.5699999999999998
2023-05-23,4.26,3.7,-0.5599999999999996
2023-05-24,4.31,3.73,-0.5799999999999996
2023-05-25,4.5,3.83,-0.6699999999999999
2023-05-26,4.54,3.8,-0.7400000000000002
2023-05-30,4.46,3.69,-0.77
2023-05-31,4.4,3.64,-0.7600000000000002
2023-06-01,4.33,3.61,-0.7200000000000002
2023-06-02,4.5,3.69,-0.81
2023-06-05,4.46,3.69,-0.77
2023-06-06,4.51,3.7,-0.8099999999999996
2023-06-07,4.56,3.79,-0.7699999999999996
2023-06-08,4.52,3.73,-0.7899999999999996
2023-06-09,4.59,3.75,-0.8399999999999999
2023-06-12,4.55,3.73,-0.8199999999999998
2023-06-13,4.67,3.84,-0.8300000000000001
2023-06-14,4.74,3.83,-0.9100000000000001
2023-06-15,4.62,3.72,-0.8999999999999999
2023-06-16,4.7,3.77,-0.9300000000000002
2023-06-20,4.68,3.74,-0.9399999999999995
2023-06-21,4.68,3.72,-0.9599999999999995
2023-06-22,4.77,3.8,-0.9699999999999998
2023-06-23,4.71,3.74,-0.9699999999999998
2023-06-26,4.65,3.72,-0.9300000000000002
2023-06-27,4.74,3.77,-0.9700000000000002
2023-06-28,4.71,3.71,-1.0
2023-06-29,4.87,3.85,-1.02
2023-06-30,4.87,3.81,-1.06
2023-07-03,4.94,3.86,-1.0800000000000005
2023-07-05,4.94,3.95,-0.9900000000000002
2023-07-06,4.99,4.05,-0.9400000000000004
2023-07-07,4.94,4.06,-0.8800000000000008
2023-07-10,4.85,4.01,-0.8399999999999999
2023-07-11,4.88,3.99,-0.8899999999999997
2023-07-12,4.72,3.86,-0.8599999999999999
2023-07-13,4.59,3.76,-0.8300000000000001
2023-07-14,4.74,3.83,-0.9100000000000001
2023-07-17,4.74,3.81,-0.9300000000000002
2023-07-18,4.74,3.8,-0.9400000000000004
2023-07-19,4.74,3.75,-0.9900000000000002
2023-07-20,4.8,3.85,-0.9499999999999997
2023-07-21,4.82,3.84,-0.9800000000000004
2023-07-24,4.81,3.86,-0.9499999999999997
2023-07-25,4.85,3.91,-0.9399999999999995
2023-07-26,4.82,3.86,-0.9600000000000004
2023-07-27,4.91,4.01,-0.9000000000000004
2023-07-28,4.87,3.96,-0.9100000000000001
2023-07-31,4.88,3.97,-0.9099999999999997
2023-08-01,4.92,4.05,-0.8700000000000001
2023-08-02,4.88,4.08,-0.7999999999999998
2023-08-03,4.9,4.2,-0.7000000000000002
2023-08-04,4.78,4.05,-0.7300000000000004
2023-08-07,4.76,4.09,-0.6699999999999999
2023-08-08,4.74,4.02,-0.7200000000000006
2023-08-09,4.79,4.0,-0.79
2023-08-10,4.82,4.09,-0.7300000000000004
2023-08-11,4.89,4.16,-0.7299999999999995
2023-08-14,4.96,4.19,-0.7699999999999996
2023-08-15,4.92,4.21,-0.71
2023-08-16,4.97,4.28,-0.6899999999999995
2023-08-17,4.94,4.3,-0.6400000000000006
2023-08-18,4.92,4.26,-0.6600000000000001
2023-08-21,4.97,4.34,-0.6299999999999999
2023-08-22,5.02,4.34,-0.6799999999999997
2023-08-23,4.95,4.19,-0.7599999999999998
2023-08-24,4.98,4.23,-0.75
2023-08-25,5.03,4.25,-0.7800000000000002
2023-08-28,4.98,4.2,-0.7800000000000002
2023-08-29,4.87,4.12,-0.75
2023-08-30,4.9,4.12,-0.7800000000000002
2023-08-31,4.85,4.09,-0.7599999999999998
2023-09-01,4.87,4.18,-0.6900000000000004
2023-09-05,4.94,4.27,-0.6700000000000008
2023-09-06,5.01,4.3,-0.71
2023-09-07,4.94,4.27,-0.6700000000000008
2023-09-08,4.98,4.26,-0.7200000000000006
2023-09-11,4.97,4.29,-0.6799999999999997
2023-09-12,4.98,4.27,-0.7100000000000009
2023-09-13,4.96,4.25,-0.71
2023-09-14,5.0,4.29,-0.71
2023-09-15,5.02,4.33,-0.6899999999999995
2023-09-18,5.05,4.32,-0.7299999999999995
2023-09-19,5.08,4.37,-0.71
2023-09-20,5.12,4.35,-0.7700000000000005
2023-09-21,5.12,4.49,-0.6299999999999999
2023-09-22,5.1,4.44,-0.6599999999999993
2023-09-25,5.09,4.55,-0.54
2023-09-26,5.04,4.56,-0.4800000000000004
2023-09-27,5.1,4.61,-0.4899999999999993
2023-09-28,5.04,4.59,-0.4500000000000002
2023-09-29,5.03,4.59,-0.4400000000000004
2023-10-02,5.12,4.69,-0.4299999999999997
2023-10-03,5.15,4.81,-0.34000000000000075
2023-10-04,5.05,4.73,-0.3199999999999994
2023-10-05,5.03,4.72,-0.3100000000000005
2023-10-06,5.08,4.78,-0.2999999999999998
2023-10-10,4.96,4.66,-0.2999999999999998
2023-10-11,4.99,4.58,-0.41000000000000014
2023-10-12,5.06,4.7,-0.35999999999999943
2023-10-13,5.04,4.63,-0.41000000000000014
2023-10-16,5.09,4.71,-0.3799999999999999
2023-10-17,5.19,4.83,-0.3600000000000003
2023-10-18,5.19,4.91,-0.28000000000000025
2023-10-19,5.14,4.98,-0.15999999999999925
2023-10-20,5.07,4.93,-0.14000000000000057
2023-10-23,5.05,4.86,-0.1899999999999995
2023-10-24,5.02,4.83,-0.1899999999999995
2023-10-25,5.08,4.95,-0.1299999999999999
2023-10-26,5.02,4.86,-0.15999999999999925
2023-10-27,4.99,4.84,-0.15000000000000036
2023-10-30,5.03,4.88,-0.15000000000000036
2023-10-31,5.07,4.88,-0.1900000000000004
2023-11-01,4.95,4.77,-0.1800000000000006
2023-11-02,4.98,4.67,-0.3100000000000005
2023-11-03,4.83,4.57,-0.2599999999999998
2023-11-06,4.93,4.67,-0.2599999999999998
2023-11-07,4.91,4.58,-0.33000000000000007
2023-11-08,4.93,4.49,-0.4399999999999995
2023-11-09,5.03,4.62,-0.41000000000000014
2023-11-10,5.04,4.61,-0.4299999999999997
2023-11-13,5.02,4.63,-0.3899999999999997
2023-11-14,4.8,4.44,-0.35999999999999943
2023-11-15,4.9,4.53,-0.3700000000000001
2023-11-16,4.83,4.45,-0.3799999999999999
2023-11-17,4.88,4.44,-0.4399999999999995
2023-11-20,4.89,4.42,-0.46999999999999975
2023-11-21,4.86,4.41,-0.4500000000000002
2023-11-22,4.89,4.42,-0.46999999999999975
2023-11-24,4.92,4.47,-0.4500000000000002
2023-11-27,4.84,4.39,-0.4500000000000002
2023-11-28,4.73,4.34,-0.39000000000000057
2023-11-29,4.64,4.27,-0.3700000000000001
2023-11-30,4.73,4.37,-0.3600000000000003
2023-12-01,4.56,4.22,-0.33999999999999986
2023-12-04,4.64,4.28,-0.35999999999999943
2023-12-05,4.57,4.18,-0.39000000000000057
2023-12-06,4.6,4.12,-0.47999999999999954
2023-12-07,4.58,4.14,-0.4400000000000004
2023-12-08,4.71,4.23,-0.47999999999999954
2023-12-11,4.71,4.23,-0.47999999999999954
2023-12-12,4.73,4.2,-0.5300000000000002
2023-12-13,4.46,4.04,-0.41999999999999993
2023-12-14,4.37,3.92,-0.4500000000000002
2023-12-15,4.44,3.91,-0.5300000000000002
2023-12-18,4.43,3.95,-0.47999999999999954
2023-12-19,4.41,3.93,-0.48
2023-12-20,4.34,3.86,-0.48
2023-12-21,4.33,3.89,-0.43999999999999995
2023-12-22,4.31,3.9,-0.4099999999999997
2023-12-26,4.26,3.89,-0.36999999999999966
2023-12-27,4.2,3.79,-0.41000000000000014
2023-12-28,4.26,3.84,-0.41999999999999993
2023-12-29,4.23,3.88,-0.35000000000000053
2024-01-02,4.33,3.95,-0.3799999999999999
2024-01-03,4.33,3.91,-0.41999999999999993
2024-01-04,4.38,3.99,-0.3899999999999997
2024-01-05,4.4,4.05,-0.35000000000000053
2024-01-08,4.36,4.01,-0.35000000000000053
2024-01-09,4.36,4.02,-0.34000000000000075
2024-01-10,4.37,4.04,-0.33000000000000007
2024-01-11,4.26,3.98,-0.2799999999999998
2024-01-12,4.14,3.96,-0.17999999999999972
2024-01-16,4.22,4.07,-0.14999999999999947
2024-01-17,4.34,4.1,-0.2400000000000002
2024-01-18,4.34,4.14,-0.20000000000000018
2024-01-19,4.39,4.15,-0.23999999999999932
2024-01-22,4.37,4.11,-0.2599999999999998
2024-01-23,4.31,4.14,-0.16999999999999993
2024-01-24,4.34,4.18,-0.16000000000000014
2024-01-25,4.28,4.14,-0.14000000000000057
2024-01-26,4.34,4.15,-0.1899999999999995
2024-01-29,4.29,4.08,-0.20999999999999996
2024-01-30,4.36,4.06,-0.3000000000000007
2024-01-31,4.27,3.99,-0.27999999999999936
2024-02-01,4.2,3.87,-0.33000000000000007
2024-02-02,4.36,4.03,-0.33000000000000007
2024-02-05,4.46,4.17,-0.29000000000000004
2024-02-06,4.39,4.09,-0.2999999999999998
2024-02-07,4.41,4.09,-0.3200000000000003
2024-02-08,4.46,4.15,-0.3099999999999996
2024-02-09,4.48,4.17,-0.3100000000000005
2024-02-12,4.46,4.17,-0.29000000000000004
2024-02-13,4.64,4.31,-0.33000000000000007
2024-02-14,4.56,4.27,-0.29000000000000004
2024-02-15,4.56,4.24,-0.3199999999999994
2024-02-16,4.64,4.3,-0.33999999999999986
2024-02-20,4.59,4.27,-0.3200000000000003
2024-02-21,4.64,4.32,-0.3199999999999994
2024-02-22,4.69,4.33,-0.3600000000000003
2024-02-23,4.67,4.26,-0.41000000000000014
2024-02-26,4.69,4.28,-0.41000000000000014
2024-02-27,4.7,4.31,-0.39000000000000057
2024-02-28,4.64,4.27,-0.3700000000000001
2024-02-29,4.64,4.25,-0.3899999999999997
2024-03-01,4.54,4.19,-0.34999999999999964
2024-03-04,4.61,4.22,-0.39000000000000057
2024-03-05,4.54,4.13,-0.41000000000000014
2024-03-06,4.55,4.11,-0.4399999999999995
2024-03-07,4.5,4.09,-0.41000000000000014
2024-03-08,4.48,4.09,-0.39000000000000057
2024-03-11,4.51,4.1,-0.41000000000000014
2024-03-12,4.58,4.16,-0.41999999999999993
2024-03-13,4.61,4.19,-0.41999999999999993
2024-03-14,4.68,4.29,-0.3899999999999997
2024-03-15,4.72,4.31,-0.41000000000000014
2024-03-18,4.73,4.34,-0.39000000000000057
2024-03-19,4.68,4.3,-0.3799999999999999
2024-03-20,4.59,4.27,-0.3200000000000003
2024-03-21,4.62,4.27,-0.35000000000000053
2024-03-22,4.59,4.22,-0.3700000000000001
2024-03-25,4.54,4.25,-0.29000000000000004
2024-03-26,4.56,4.24,-0.3199999999999994
2024-03-27,4.54,4.2,-0.33999999999999986
2024-03-28,4.59,4.2,-0.3899999999999997
2024-04-01,4.72,4.33,-0.3899999999999997
2024-04-02,4.7,4.36,-0.33999999999999986
2024-04-03,4.68,4.36,-0.3199999999999994
2024-04-04,4.65,4.31,-0.34000000000000075
2024-04-05,4.73,4.39,-0.34000000000000075
2024-04-08,4.78,4.42,-0.3600000000000003
2024-04-09,4.74,4.36,-0.3799999999999999
2024-04-10,4.97,4.55,-0.41999999999999993
2024-04-11,4.93,4.56,-0.3700000000000001
2024-04-12,4.88,4.5,-0.3799999999999999
2024-04-15,4.93,4.63,-0.2999999999999998
2024-04-16,4.97,4.67,-0.2999999999999998
2024-04-17,4.93,4.59,-0.33999999999999986
2024-04-18,4.98,4.64,-0.34000000000000075
2024-04-19,4.97,4.62,-0.34999999999999964
2024-04-22,4.97,4.62,-0.34999999999999964
2024-04-23,4.86,4.61,-0.25
2024-04-24,4.89,4.65,-0.23999999999999932
2024-04-25,4.96,4.7,-0.2599999999999998
2024-04-26,4.96,4.67,-0.29000000000000004
2024-04-29,4.97,4.63,-0.33999999999999986
2024-04-30,5.04,4.69,-0.34999999999999964
2024-05-01,4.96,4.63,-0.33000000000000007
2024-05-02,4.87,4.58,-0.29000000000000004
2024-05-03,4.81,4.5,-0.3099999999999996
2024-05-06,4.82,4.49,-0.33000000000000007
2024-05-07,4.82,4.47,-0.35000000000000053
2024-05-08,4.84,4.48,-0.35999999999999943
2024-05-09,4.8,4.45,-0.34999999999999964
2024-05-10,4.87,4.5,-0.3700000000000001
2024-05-13,4.85,4.48,-0.3699999999999992
2024-05-14,4.81,4.45,-0.35999999999999943
2024-05-15,4.73,4.36,-0.3700000000000001
2024-05-16,4.78,4.38,-0.40000000000000036
2024-05-17,4.83,4.42,-0.41000000000000014
2024-05-20,4.82,4.44,-0.3799999999999999
2024-05-21,4.82,4.41,-0.41000000000000014
2024-05-22,4.86,4.43,-0.4300000000000006
2024-05-23,4.91,4.47,-0.4400000000000004
2024-05-24,4.93,4.46,-0.46999999999999975
2024-05-28,4.94,4.54,-0.40000000000000036
2024-05-29,4.96,4.61,-0.34999999999999964
2024-05-30,4.92,4.55,-0.3700000000000001
2024-05-31,4.89,4.51,-0.3799999999999999
2024-06-03,4.82,4.41,-0.41000000000000014
2024-06-04,4.77,4.33,-0.4399999999999995
2024-06-05,4.72,4.29,-0.4299999999999997
2024-06-06,4.72,4.28,-0.4399999999999995
2024-06-07,4.87,4.43,-0.4400000000000004
2024-06-10,4.87,4.47,-0.40000000000000036
2024-06-11,4.81,4.39,-0.41999999999999993
2024-06-12,4.75,4.31,-0.4400000000000004
2024-06-13,4.68,4.24,-0.4399999999999995
2024-06-14,4.67,4.2,-0.46999999999999975
2024-06-17,4.75,4.28,-0.46999999999999975
2024-06-18,4.69,4.22,-0.47000000000000064
2024-06-20,4.7,4.25,-0.4500000000000002
2024-06-21,4.7,4.25,-0.4500000000000002
2024-06-24,4.71,4.25,-0.45999999999999996
2024-06-25,4.65,4.23,-0.41999999999999993
2024-06-26,4.71,4.32,-0.3899999999999997
2024-06-27,4.7,4.29,-0.41000000000000014
2024-06-28,4.71,4.36,-0.34999999999999964
2024-07-01,4.77,4.48,-0.28999999999999915
2024-07-02,4.74,4.43,-0.3100000000000005
2024-07-03,4.71,4.36,-0.34999999999999964
2024-07-05,4.6,4.28,-0.3199999999999994
2024-07-08,4.62,4.28,-0.33999999999999986
2024-07-09,4.62,4.3,-0.3200000000000003
2024-07-10,4.62,4.28,-0.33999999999999986
2024-07-11,4.5,4.2,-0.2999999999999998
2024-07-12,4.45,4.18,-0.27000000000000046
2024-07-15,4.44,4.23,-0.20999999999999996
2024-07-16,4.43,4.17,-0.2599999999999998
2024-07-17,4.42,4.16,-0.2599999999999998
2024-07-18,4.46,4.2,-0.2599999999999998
2024-07-19,4.49,4.25,-0.2400000000000002
2024-07-22,4.5,4.26,-0.2400000000000002
2024-07-23,4.4,4.25,-0.15000000000000036
2024-07-24,4.37,4.28,-0.08999999999999986
2024-07-25,4.41,4.27,-0.14000000000000057
2024-07-26,4.36,4.2,-0.16000000000000014
2024-07-29,4.36,4.17,-0.1900000000000004
2024-07-30,4.35,4.15,-0.1999999999999993
2024-07-31,4.29,4.09,-0.20000000000000018
2024-08-01,4.16,3.99,-0.16999999999999993
2024-08-02,3.88,3.8,-0.08000000000000007
2024-08-05,3.89,3.78,-0.11000000000000032
2024-08-06,3.99,3.9,-0.0900000000000003
2024-08-07,4.0,3.96,-0.040000000000000036
2024-08-08,4.04,3.99,-0.04999999999999982
2024-08-09,4.05,3.94,-0.10999999999999988
2024-08-12,4.01,3.9,-0.10999999999999988
2024-08-13,3.93,3.85,-0.08000000000000007
2024-08-14,3.94,3.83,-0.10999999999999988
2024-08-15,4.08,3.92,-0.16000000000000014
2024-08-16,4.06,3.89,-0.16999999999999948
2024-08-19,4.06,3.86,-0.19999999999999973
2024-08-20,3.99,3.82,-0.17000000000000037
2024-08-21,3.92,3.79,-0.1299999999999999
2024-08-22,3.99,3.86,-0.13000000000000034
2024-08-23,3.9,3.81,-0.08999999999999986
2024-08-26,3.91,3.82,-0.0900000000000003
2024-08-27,3.83,3.83,0.0
2024-08-28,3.83,3.84,0.009999999999999787
2024-08-29,3.87,3.87,0.0
2024-08-30,3.91,3.91,0.0
2024-09-03,3.88,3.84,-0.040000000000000036
2024-09-04,3.76,3.77,0.010000000000000231
2024-09-05,3.75,3.73,-0.020000000000000018
2024-09-06,3.66,3.72,0.06000000000000005
2024-09-09,3.68,3.7,0.020000000000000018
2024-09-10,3.59,3.65,0.06000000000000005
2024-09-11,3.62,3.65,0.029999999999999805
2024-09-12,3.64,3.68,0.040000000000000036
2024-09-13,3.57,3.66,0.0900000000000003
2024-09-16,3.56,3.63,0.06999999999999984
2024-09-17,3.59,3.65,0.06000000000000005
2024-09-18,3.61,3.7,0.0900000000000003
2024-09-19,3.59,3.73,0.14000000000000012
2024-09-20,3.55,3.73,0.18000000000000016
2024-09-23,3.57,3.75,0.18000000000000016
2024-09-24,3.49,3.74,0.25
2024-09-25,3.53,3.79,0.26000000000000023
2024-09-26,3.6,3.79,0.18999999999999995
2024-09-27,3.55,3.75,0.20000000000000018
2024-09-30,3.66,3.81,0.1499999999999999
2024-10-01,3.61,3.74,0.13000000000000034
2024-10-02,3.63,3.79,0.16000000000000014
2024-10-03,3.7,3.85,0.1499999999999999
2024-10-04,3.93,3.98,0.04999999999999982
2024-10-07,3.99,4.03,0.040000000000000036
2024-10-08,3.98,4.04,0.06000000000000005
2024-10-09,3.99,4.06,0.0699999999999994
2024-10-10,3.98,4.09,0.10999999999999988
2024-10-11,3.95,4.08,0.1299999999999999
2024-10-15,3.95,4.03,0.08000000000000007
2024-10-16,3.93,4.02,0.08999999999999941
2024-10-17,3.96,4.09,0.1299999999999999
2024-10-18,3.95,4.08,0.1299999999999999
2024-10-21,4.02,4.19,0.17000000000000082
2024-10-22,4.03,4.2,0.16999999999999993
2024-10-23,4.07,4.24,0.16999999999999993
2024-10-24,4.07,4.21,0.13999999999999968
2024-10-25,4.11,4.25,0.13999999999999968
2024-10-28,4.12,4.28,0.16000000000000014
2024-10-29,4.11,4.28,0.16999999999999993
2024-10-30,4.15,4.29,0.13999999999999968
2024-10-31,4.16,4.28,0.1200000000000001
2024-11-01,4.21,4.37,0.16000000000000014
2024-11-04,4.17,4.31,0.13999999999999968
2024-11-05,4.19,4.26,0.0699999999999994
2024-11-06,4.27,4.42,0.15000000000000036
2024-11-07,4.21,4.31,0.09999999999999964
2024-11-08,4.26,4.3,0.040000000000000036
2024-11-12,4.34,4.43,0.08999999999999986
2024-11-13,4.27,4.44,0.17000000000000082
2024-11-14,4.34,4.43,0.08999999999999986
2024-11-15,4.31,4.43,0.1200000000000001
2024-11-18,4.29,4.42,0.1299999999999999
2024-11-19,4.27,4.39,0.1200000000000001
2024-11-20,4.31,4.41,0.10000000000000053
2024-11-21,4.34,4.43,0.08999999999999986
2024-11-22,4.37,4.41,0.040000000000000036
2024-11-25,4.21,4.27,0.05999999999999961
2024-11-26,4.21,4.3,0.08999999999999986
2024-11-27,4.19,4.25,0.05999999999999961
2024-11-29,4.13,4.18,0.04999999999999982
2024-12-02,4.17,4.19,0.020000000000000462
2024-12-03,4.17,4.23,0.0600000000000005
2024-12-04,4.13,4.19,0.0600000000000005
2024-12-05,4.15,4.17,0.019999999999999574
2024-12-06,4.1,4.15,0.05000000000000071
2024-12-09,4.13,4.2,0.07000000000000028
2024-12-10,4.15,4.22,0.0699999999999994
2024-12-11,4.15,4.26,0.10999999999999943
2024-12-12,4.18,4.32,0.14000000000000057
2024-12-13,4.25,4.4,0.15000000000000036
2024-12-16,4.25,4.39,0.13999999999999968
2024-12-17,4.25,4.4,0.15000000000000036
2024-12-18,4.35,4.5,0.15000000000000036
2024-12-19,4.32,4.57,0.25
2024-12-20,4.3,4.52,0.21999999999999975
2024-12-23,4.3,4.59,0.29000000000000004
2024-12-24,4.29,4.59,0.2999999999999998
2024-12-26,4.3,4.58,0.28000000000000025
2024-12-27,4.31,4.62,0.3100000000000005
2024-12-30,4.24,4.55,0.3099999999999996
2024-12-31,4.25,4.58,0.33000000000000007
2025-01-02,4.25,4.57,0.3200000000000003
2025-01-03,4.28,4.6,0.3199999999999994
2025-01-06,4.28,4.62,0.33999999999999986
2025-01-07,4.3,4.67,0.3700000000000001
2025-01-08,4.28,4.67,0.3899999999999997
2025-01-09,4.27,4.68,0.41000000000000014
2025-01-10,4.4,4.77,0.3699999999999992
2025-01-13,4.4,4.79,0.3899999999999997
2025-01-14,4.37,4.78,0.41000000000000014
2025-01-15,4.27,4.66,0.39000000000000057
2025-01-16,4.23,4.61,0.3799999999999999
2025-01-17,4.27,4.61,0.34000000000000075
2025-01-21,4.29,4.57,0.28000000000000025
2025-01-22,4.29,4.6,0.3099999999999996
2025-01-23,4.29,4.65,0.3600000000000003
2025-01-24,4.27,4.63,0.3600000000000003
2025-01-27,4.17,4.53,0.3600000000000003
2025-01-28,4.19,4.55,0.35999999999999943
2025-01-29,4.21,4.55,0.33999999999999986
2025-01-30,4.18,4.52,0.33999999999999986
2025-01-31,4.22,4.58,0.3600000000000003
2025-02-03,4.26,4.54,0.28000000000000025
2025-02-04,4.21,4.52,0.3099999999999996
2025-02-05,4.17,4.43,0.2599999999999998
2025-02-06,4.21,4.45,0.2400000000000002
2025-02-07,4.29,4.49,0.20000000000000018
2025-02-10,4.28,4.51,0.22999999999999954
2025-02-11,4.29,4.54,0.25
2025-02-12,4.36,4.62,0.2599999999999998
2025-02-13,4.31,4.52,0.20999999999999996
2025-02-14,4.26,4.47,0.20999999999999996
2025-02-18,4.29,4.55,0.2599999999999998
2025-02-19,4.28,4.53,0.25
2025-02-20,4.28,4.5,0.21999999999999975
2025-02-21,4.19,4.42,0.22999999999999954
2025-02-24,4.13,4.4,0.27000000000000046
2025-02-25,4.07,4.3,0.22999999999999954
2025-02-26,4.05,4.25,0.20000000000000018
2025-02-27,4.07,4.29,0.21999999999999975
2025-02-28,3.99,4.24,0.25
2025-03-03,3.96,4.16,0.20000000000000018
2025-03-04,3.96,4.22,0.2599999999999998
2025-03-05,3.99,4.28,0.29000000000000004
2025-03-06,3.96,4.29,0.33000000000000007
2025-03-07,3.99,4.32,0.33000000000000007
2025-03-10,3.89,4.22,0.3299999999999996
2025-03-11,3.94,4.28,0.3400000000000003
2025-03-12,4.01,4.32,0.3100000000000005
2025-03-13,3.94,4.27,0.3299999999999996
2025-03-14,4.02,4.31,0.29000000000000004
2025-03-17,4.06,4.31,0.25
2025-03-18,4.04,4.29,0.25
2025-03-19,3.99,4.25,0.2599999999999998
2025-03-20,3.95,4.24,0.29000000000000004
2025-03-21,3.94,4.25,0.31000000000000005
2025-03-24,4.04,4.34,0.2999999999999998
2025-03-25,3.96,4.31,0.34999999999999964
2025-03-26,3.98,4.35,0.36999999999999966
2025-03-27,3.97,4.38,0.4099999999999997
2025-03-28,3.89,4.27,0.37999999999999945
2025-03-31,3.89,4.23,0.3400000000000003
2025-04-01,3.87,4.17,0.2999999999999998
2025-04-02,3.91,4.2,0.29000000000000004
2025-04-03,3.71,4.06,0.34999999999999964
2025-04-04,3.68,4.01,0.3299999999999996
2025-04-07,3.73,4.15,0.4200000000000004
2025-04-08,3.71,4.26,0.5499999999999998
2025-04-09,3.91,4.34,0.4299999999999997
2025-04-10,3.84,4.4,0.5600000000000005
2025-04-11,3.96,4.48,0.5200000000000005
2025-04-14,3.84,4.38,0.54
2025-04-15,3.84,4.35,0.5099999999999998
2025-04-16,3.77,4.29,0.52
2025-04-17,3.81,4.34,0.5299999999999998
2025-04-21,3.75,4.42,0.6699999999999999
2025-04-22,3.76,4.41,0.6500000000000004
2025-04-23,3.81,4.4,0.5900000000000003
2025-04-24,3.77,4.32,0.5500000000000003
2025-04-25,3.74,4.29,0.5499999999999998
2025-04-28,3.67,4.23,0.5600000000000005
2025-04-29,3.65,4.19,0.5400000000000005
2025-04-30,3.6,4.17,0.5699999999999998
2025-05-01,3.7,4.25,0.5499999999999998
2025-05-02,3.83,4.33,0.5
2025-05-05,3.83,4.36,0.5300000000000002
2025-05-06,3.78,4.3,0.52
2025-05-07,3.78,4.26,0.48
2025-05-08,3.9,4.37,0.4700000000000002
2025-05-09,3.88,4.37,0.4900000000000002
2025-05-12,3.98,4.45,0.4700000000000002
2025-05-13,4.02,4.49,0.47000000000000064
2025-05-14,4.05,4.53,0.4800000000000004
2025-05-15,3.96,4.45,0.4900000000000002
2025-05-16,3.98,4.43,0.44999999999999973
2025-05-19,3.97,4.46,0.48999999999999977
2025-05-20,3.97,4.48,0.5100000000000002
2025-05-21,4.0,4.58,0.5800000000000001
2025-05-22,4.0,4.54,0.54
2025-05-23,4.0,4.51,0.5099999999999998
2025-05-27,3.92,4.43,0.5099999999999998
2025-05-28,3.96,4.47,0.5099999999999998
2025-05-29,3.92,4.43,0.5099999999999998
2025-05-30,3.89,4.41,0.52
2025-06-02,3.94,4.46,0.52
2025-06-03,3.96,4.46,0.5
2025-06-04,3.87,4.37,0.5
2025-06-05,3.92,4.4,0.4800000000000004
2025-06-06,4.04,4.51,0.46999999999999975
2025-06-09,4.01,4.49,0.4800000000000004
2025-06-10,4.01,4.47,0.45999999999999996
2025-06-11,3.94,4.41,0.4700000000000002
2025-06-12,3.9,4.36,0.4600000000000004
2025-06-13,3.96,4.41,0.4500000000000002
2025-06-16,3.97,4.46,0.48999999999999977
2025-06-17,3.94,4.39,0.44999999999999973
2025-06-18,3.94,4.38,0.43999999999999995
2025-06-20,3.9,4.38,0.48
2025-06-23,3.84,4.34,0.5
2025-06-24,3.75,4.3,0.5499999999999998
2025-06-25,3.74,4.29,0.5499999999999998
2025-06-26,3.7,4.26,0.5599999999999996
2025-06-27,3.73,4.29,0.56
2025-06-30,3.72,4.24,0.52
2025-07-01,3.78,4.26,0.48
2025-07-02,3.78,4.3,0.52
2025-07-03,3.88,4.35,0.46999999999999975
2025-07-07,3.9,4.4,0.5000000000000004
2025-07-08,3.9,4.42,0.52
2025-07-09,3.86,4.34,0.48
2025-07-10,3.86,4.35,0.48999999999999977
2025-07-11,3.9,4.43,0.5299999999999998
2025-07-14,3.9,4.43,0.5299999999999998
2025-07-15,3.95,4.5,0.5499999999999998
2025-07-16,3.88,4.46,0.5800000000000001
2025-07-17,3.91,4.47,0.5599999999999996
2025-07-18,3.88,4.44,0.5600000000000005
2025-07-21,3.85,4.38,0.5299999999999998
2025-07-22,3.83,4.35,0.5199999999999996
2025-07-23,3.88,4.4,0.5200000000000005
2025-07-24,3.91,4.43,0.5199999999999996
2025-07-25,3.91,4.4,0.4900000000000002
2025-07-28,3.91,4.42,0.5099999999999998
2025-07-29,3.86,4.34,0.48
2025-07-30,3.94,4.38,0.43999999999999995
2025-07-31,3.94,4.37,0.43000000000000016
2025-08-01,3.69,4.23,0.5400000000000005
2025-08-04,3.69,4.22,0.5299999999999998
2025-08-05,3.72,4.22,0.49999999999999956
2025-08-06,3.69,4.22,0.5299999999999998
2025-08-07,3.72,4.23,0.5100000000000002
2025-08-08,3.76,4.27,0.5099999999999998
2025-08-11,3.76,4.27,0.5099999999999998
2025-08-12,3.72,4.29,0.5699999999999998
2025-08-13,3.67,4.24,0.5700000000000003
2025-08-14,3.74,4.29,0.5499999999999998
2025-08-15,3.75,4.33,0.5800000000000001
2025-08-18,3.77,4.34,0.5699999999999998
2025-08-19,3.75,4.3,0.5499999999999998
2025-08-20,3.74,4.29,0.5499999999999998
2025-08-21,3.79,4.33,0.54
2025-08-22,3.68,4.26,0.5799999999999996
2025-08-25,3.73,4.28,0.5500000000000003
2025-08-26,3.61,4.26,0.6499999999999999
2025-08-27,3.59,4.24,0.6500000000000004
2025-08-28,3.62,4.22,0.5999999999999996
2025-08-29,3.59,4.23,0.6400000000000006
2025-09-02,3.66,4.28,0.6200000000000001
2025-09-03,3.61,4.22,0.6099999999999999
2025-09-04,3.59,4.17,0.5800000000000001
2025-09-05,3.51,4.1,0.5899999999999999
2025-09-08,3.49,4.05,0.5599999999999996
2025-09-09,3.54,4.08,0.54
2025-09-10,3.54,4.04,0.5
2025-09-11,3.52,4.01,0.48999999999999977
2025-09-12,3.56,4.06,0.49999999999999956
2025-09-15,3.54,4.05,0.5099999999999998
2025-09-16,3.51,4.04,0.5300000000000002
2025-09-17,3.52,4.06,0.5399999999999996
2025-09-18,3.57,4.11,0.5400000000000005
2025-09-19,3.57,4.14,0.5699999999999998
2025-09-22,3.61,4.15,0.5400000000000005
2025-09-23,3.53,4.12,0.5900000000000003
2025-09-24,3.57,4.16,0.5900000000000003
2025-09-25,3.64,4.18,0.5399999999999996
2025-09-26,3.63,4.2,0.5700000000000003
2025-09-29,3.63,4.15,0.5200000000000005
2025-09-30,3.6,4.16,0.56
2025-10-01,3.55,4.12,0.5700000000000003
2025-10-02,3.55,4.1,0.5499999999999998
2025-10-03,3.58,4.13,0.5499999999999998
2025-10-06,3.6,4.18,0.5799999999999996
2025-10-07,3.57,4.14,0.5699999999999998
2025-10-08,3.58,4.13,0.5499999999999998
2025-10-09,3.6,4.14,0.5399999999999996
2025-10-10,3.52,4.05,0.5299999999999998
2025-10-14,3.48,4.03,0.5500000000000003
2025-10-15,3.5,4.05,0.5499999999999998
2025-10-16,3.41,3.99,0.5800000000000001
2025-10-17,3.46,4.02,0.5599999999999996
2025-10-20,3.46,4.0,0.54
2025-10-21,3.45,3.98,0.5299999999999998
2025-10-22,3.45,3.97,0.52
2025-10-23,3.48,4.01,0.5299999999999998
2025-10-24,3.48,4.02,0.5399999999999996
2025-10-27,3.48,4.01,0.5299999999999998
2025-10-28,3.47,3.99,0.52
2025-10-29,3.59,4.08,0.4900000000000002
2025-10-30,3.61,4.11,0.5000000000000004
2025-10-31,3.6,4.11,0.5100000000000002
2025-11-03,3.6,4.13,0.5299999999999998
2025-11-04,3.58,4.1,0.5199999999999996
2025-11-05,3.63,4.17,0.54
2025-11-06,3.57,4.11,0.5400000000000005
2025-11-07,3.55,4.11,0.5600000000000005
2025-11-10,3.58,4.13,0.5499999999999998
2025-11-12,3.56,4.08,0.52
2025-11-13,3.58,4.11,0.5300000000000002
2025-11-14,3.62,4.14,0.5199999999999996
2025-11-17,3.6,4.13,0.5299999999999998
2025-11-18,3.58,4.12,0.54
2025-11-19,3.58,4.13,0.5499999999999998
2025-11-20,3.55,4.1,0.5499999999999998
2025-11-21,3.51,4.06,0.5499999999999998
2025-11-24,3.46,4.04,0.5800000000000001
2025-11-25,3.43,4.01,0.5799999999999996
2025-11-26,3.45,4.0,0.5499999999999998
2025-11-28,3.47,4.02,0.5499999999999994
2025-12-01,3.54,4.09,0.5499999999999998
2025-12-02,3.51,4.09,0.5800000000000001
2025-12-03,3.49,4.06,0.5699999999999994
2025-12-04,3.52,4.11,0.5900000000000003
2025-12-05,3.56,4.14,0.5799999999999996
2025-12-08,3.57,4.17,0.6000000000000001
2025-12-09,3.61,4.18,0.5699999999999998
2025-12-10,3.54,4.13,0.5899999999999999
2025-12-11,3.52,4.14,0.6199999999999997
2025-12-12,3.52,4.19,0.6700000000000004
2025-12-15,3.51,4.18,0.6699999999999999
2025-12-16,3.48,4.15,0.6700000000000004
2025-12-17,3.49,4.16,0.6699999999999999
2025-12-18,3.46,4.12,0.6600000000000001
2025-12-19,3.48,4.16,0.6800000000000002
2025-12-22,3.44,4.17,0.73
2025-12-23,3.48,4.18,0.6999999999999997
2025-12-24,3.47,4.15,0.6800000000000002
2025-12-26,3.46,4.14,0.6799999999999997
2025-12-29,3.45,4.12,0.6699999999999999
2025-12-30,3.45,4.14,0.6899999999999995
2025-12-31,3.47,4.18,0.7099999999999995
2026-01-02,3.47,4.19,0.7200000000000002
2026-01-05,3.46,4.17,0.71
2026-01-06,3.47,4.18,0.7099999999999995
2026-01-07,3.47,4.15,0.6800000000000002
2026-01-08,3.49,4.19,0.7000000000000002
2026-01-09,3.54,4.18,0.6399999999999997
2026-01-12,3.54,4.19,0.6500000000000004
2026-01-13,3.53,4.18,0.6499999999999999
2026-01-14,3.51,4.15,0.6400000000000006
2026-01-15,3.56,4.17,0.6099999999999999
2026-01-16,3.59,4.24,0.6500000000000004
2026-01-20,3.6,4.3,0.6999999999999997
2026-01-21,3.6,4.26,0.6599999999999997
2026-01-22,3.61,4.26,0.6499999999999999
2026-01-23,3.6,4.24,0.6400000000000001
2026-01-26,3.56,4.22,0.6599999999999997
2026-01-27,3.53,4.24,0.7100000000000004
2026-01-28,3.56,4.26,0.6999999999999997
2026-01-29,3.53,4.24,0.7100000000000004
2026-01-30,3.52,4.26,0.7399999999999998
2026-02-02,3.57,4.29,0.7200000000000002
2026-02-03,3.57,4.28,0.7100000000000004
2026-02-04,3.57,4.29,0.7200000000000002
2026-02-05,3.47,4.21,0.7399999999999998
2026-02-06,3.5,4.22,0.7199999999999998
2026-02-09,3.48,4.22,0.7399999999999998
2026-02-10,3.45,4.16,0.71
2026-02-11,3.52,4.18,0.6599999999999997
2026-02-12,3.47,4.09,0.6199999999999997
2026-02-13,3.4,4.04,0.6400000000000001
2026-02-17,3.43,4.05,0.6199999999999997
2026-02-18,3.47,4.09,0.6199999999999997
2026-02-19,3.47,4.08,0.6099999999999999
2026-02-20,3.48,4.08,0.6000000000000001
2026-02-23,3.43,4.03,0.6000000000000001
2026-02-24,3.43,4.04,0.6099999999999999
2026-02-25,3.45,4.05,0.5999999999999996
2026-02-26,3.42,4.02,0.5999999999999996
2026-02-27,3.38,3.97,0.5900000000000003
2026-03-02,3.47,4.05,0.5799999999999996
2026-03-03,3.51,4.06,0.5499999999999998
2026-03-04,3.54,4.09,0.5499999999999998
2026-03-05,3.57,4.13,0.56
2026-03-06,3.56,4.15,0.5900000000000003
2026-03-09,3.56,4.12,0.56
2026-03-10,3.57,4.15,0.5800000000000005
2026-03-11,3.64,4.21,0.5699999999999998
2026-03-12,3.76,4.27,0.5099999999999998
2026-03-13,3.73,4.28,0.5500000000000003
2026-03-16,3.68,4.23,0.5500000000000003
2026-03-17,3.68,4.2,0.52
2026-03-18,3.76,4.26,0.5
2026-03-19,3.79,4.25,0.45999999999999996
2026-03-20,3.88,4.39,0.5099999999999998
2026-03-23,3.83,4.34,0.5099999999999998
2026-03-24,3.9,4.39,0.48999999999999977
2026-03-25,3.84,4.33,0.4900000000000002
2026-03-26,3.96,4.42,0.45999999999999996
2026-03-27,3.88,4.44,0.5600000000000005
2026-03-30,3.82,4.35,0.5299999999999998
2026-03-31,3.79,4.3,0.5099999999999998
2026-04-01,3.81,4.33,0.52
2026-04-02,3.79,4.31,0.5199999999999996
2026-04-03,3.84,4.35,0.5099999999999998
2026-04-06,3.84,4.34,0.5
2026-04-07,3.81,4.33,0.52
2026-04-08,3.79,4.29,0.5
2026-04-09,3.78,4.29,0.5100000000000002
2026-04-10,3.81,4.31,0.49999999999999956
2026-04-13,3.78,4.3,0.52
2026-04-14,3.76,4.26,0.5
2026-04-15,3.76,4.29,0.5300000000000002
2026-04-16,3.78,4.32,0.5400000000000005
2026-04-17,3.71,4.26,0.5499999999999998
2026-04-20,3.72,4.26,0.5399999999999996
2026-04-21,3.78,4.3,0.52
2026-04-22,3.79,4.3,0.5099999999999998
2026-04-23,3.83,4.34,0.5099999999999998
2026-04-24,3.78,4.31,0.5299999999999998
2026-04-27,3.78,4.35,0.5699999999999998
2026-04-28,3.84,4.36,0.5200000000000005
2026-04-29,3.92,4.42,0.5
2026-04-30,3.88,4.4,0.5200000000000005
2026-05-01,3.88,4.39,0.5099999999999998
2026-05-04,3.95,4.45,0.5
2026-05-05,3.93,4.43,0.49999999999999956
2026-05-06,3.87,4.36,0.4900000000000002
