date,close,volume,volume_ma20
2021-05-10,417.94,81852446.0,
2021-05-11,414.21,116887975.0,
2021-05-12,405.41,134811046.0,
2021-05-13,410.28,106393963.0,
2021-05-14,416.58,82201629.0,
2021-05-17,415.52,65129221.0,
2021-05-18,411.94,59810238.0,
2021-05-19,410.86,106467052.0,
2021-05-20,415.28,78022218.0,
2021-05-21,414.94,76578662.0,
2021-05-24,419.17,51376702.0,
2021-05-25,418.24,57451396.0,
2021-05-26,419.07,43088618.0,
2021-05-27,419.29,56707677.0,
2021-05-28,420.04,58520164.0,
2021-06-01,419.67,54216625.0,
2021-06-02,420.33,49097061.0,
2021-06-03,418.77,58138763.0,
2021-06-04,422.6,55938789.0,
2021-06-07,422.19,51555032.0,72212263.85
2021-06-08,422.28,47134279.0,70476355.5
2021-06-09,421.65,48436342.0,67053773.85
2021-06-10,423.61,51020147.0,62864228.9
2021-06-11,424.31,45570828.0,59823072.15
2021-06-14,425.26,42358478.0,57830914.6
2021-06-15,424.48,51508508.0,57149878.95
2021-06-16,422.11,80386082.0,58178671.15
2021-06-17,421.97,90949659.0,57402801.5
2021-06-18,414.92,118676302.0,59435505.7
2021-06-21,420.86,72822028.0,59247674.0
2021-06-22,423.11,57700303.0,59563854.05
2021-06-23,422.6,49445414.0,59163554.95
2021-06-24,425.1,45110288.0,59264638.45
2021-06-25,426.61,58129525.0,59335730.85
2021-06-28,427.47,53159581.0,59067701.7
2021-06-29,427.7,35970515.0,58155396.2
2021-06-30,428.06,64827858.0,58941936.05
2021-07-01,430.43,53441027.0,58707049.25
2021-07-02,433.72,57697668.0,58794993.2
2021-07-06,432.93,68710419.0,59652762.55
2021-07-07,434.46,63549456.0,60473521.4
2021-07-08,430.92,97595232.0,62931465.9
2021-07-09,435.52,76238584.0,64192387.75
2021-07-12,437.08,52889585.0,64558325.6
2021-07-13,435.59,52911312.0,65085967.3
2021-07-14,436.24,64130352.0,65717059.5
2021-07-15,434.75,55126358.0,64454073.3
2021-07-16,431.34,75874662.0,63700323.45
2021-07-19,424.97,147987000.0,65165858.35
2021-07-20,431.06,99608174.0,66505165.65
2021-07-21,434.55,64724389.0,66856369.95
2021-07-22,435.46,47878539.0,66778026.2
2021-07-23,439.94,63766637.0,67710843.65
2021-07-26,441.02,43719187.0,66990326.75
2021-07-27,439.01,67397137.0,67702204.55
2021-07-28,438.83,52472360.0,68527296.8
2021-07-29,440.65,47435342.0,67657671.0
2021-07-30,438.51,68951202.0,68433179.75
2021-08-02,437.59,58783297.0,68487461.2
2021-08-03,441.15,58053896.0,67954635.05
2021-08-04,438.98,46732212.0,67113772.85
2021-08-05,441.76,38969659.0,64182494.2
2021-08-06,442.49,46930008.0,62717065.4
2021-08-09,442.13,41222585.0,62133715.4
2021-08-10,442.68,43339275.0,61655113.55
2021-08-11,443.78,44034340.0,60650312.95
2021-08-12,445.11,38942418.0,59841115.95
2021-08-13,445.92,39470251.0,58020895.4
2021-08-16,446.97,73930864.0,54318088.6
2021-08-17,444.04,92673933.0,53971376.55
2021-08-18,439.18,89351931.0,55202753.65
2021-08-19,439.86,92812246.0,57449439.0
2021-08-20,443.36,72008712.0,57861542.75
2021-08-23,447.26,54973038.0,58424235.3
2021-08-24,447.97,38744714.0,56991614.15
2021-08-25,448.91,40529711.0,56394481.7
2021-08-26,446.26,57829572.0,56914193.2
2021-08-27,450.25,77235113.0,57328388.75
2021-08-30,452.23,48357355.0,56807091.65
2021-08-31,451.56,59300213.0,56869407.5
2021-09-01,451.8,48721378.0,56968865.8
2021-09-02,453.19,42830867.0,57161926.2
2021-09-03,453.08,47234364.0,57177144.0
2021-09-07,451.46,51671534.0,57699591.45
2021-09-08,450.91,56181907.0,58341723.05
2021-09-09,448.98,57970407.0,59038526.4
2021-09-10,445.44,89948174.0,61588814.2
2021-09-13,446.58,83738649.0,63802234.1
2021-09-14,444.17,78197140.0,64015547.9
2021-09-15,447.88,78792222.0,63321462.35
2021-09-16,447.17,77786735.0,62743202.55
2021-09-17,441.4,118425037.0,64023842.1
2021-09-20,434.04,166445534.0,68745683.2
2021-09-21,433.63,92526112.0,70623336.9
2021-09-22,437.86,102350143.0,73803608.35
2021-09-23,443.18,76395981.0,75596921.85
2021-09-24,443.91,62094837.0,75810185.1
2021-09-27,442.64,61371108.0,75016984.85
2021-09-28,433.72,130436306.0,79120932.4
2021-09-29,434.45,82329213.0,80272382.4
2021-09-30,429.14,140505979.0,84861612.45
2021-10-01,434.24,129240106.0,89182074.4
2021-10-04,428.64,128569957.0,93248854.05
2021-10-05,433.1,90682520.0,95199403.35
2021-10-06,434.9,113032245.0,98041920.25
2021-10-07,438.66,72437499.0,98765274.85
2021-10-08,437.86,74557404.0,97995736.35
2021-10-11,434.69,65233285.0,97070468.15
2021-10-12,433.62,71181163.0,96719669.3
2021-10-13,435.18,72973979.0,96428757.15
2021-10-14,442.5,70236825.0,96051261.65
2021-10-15,445.87,66260210.0,93443020.3
2021-10-18,447.19,62213228.0,88231405.0
2021-10-19,450.64,46996827.0,85954940.75
2021-10-20,452.41,49571569.0,83316012.05
2021-10-21,453.59,41305438.0,81561484.9
2021-10-22,453.12,58845088.0,81398997.45
2021-10-25,455.55,45214507.0,80591167.4
2021-10-26,455.96,56075116.0,76873107.9
2021-10-27,453.94,72437997.0,76378547.1
2021-10-28,458.32,51437944.0,71925145.35
2021-10-29,459.25,70162424.0,68971261.25
2021-11-01,460.04,48433642.0,64964445.5
2021-11-02,461.9,48908417.0,62875740.35
2021-11-03,464.72,52509825.0,59849619.35
2021-11-04,466.91,52847087.0,58870098.75
2021-11-05,468.53,66390563.0,58461756.7
2021-11-08,468.93,50405194.0,57720352.15
2021-11-09,467.38,51149147.0,56718751.35
2021-11-10,463.62,69429653.0,56541535.05
2021-11-11,463.77,34848495.0,54772118.55
2021-11-12,467.27,53466654.0,54132440.75
2021-11-15,467.43,46980500.0,53370804.35
2021-11-16,469.28,48857502.0,53463838.1
2021-11-17,468.14,47858289.0,53378174.1
2021-11-18,469.73,50625607.0,53844182.55
2021-11-19,468.89,57315573.0,53767706.8
2021-11-22,467.57,72761954.0,55145079.15
2021-11-23,468.19,73206538.0,56001650.25
2021-11-24,469.44,61858813.0,55472691.05
2021-11-26,458.97,112669636.0,58534275.65
2021-11-29,464.6,86268818.0,59339595.35
2021-11-30,455.56,148559598.0,64345893.15
2021-12-01,450.5,132485835.0,68524764.05
2021-12-02,457.4,127637758.0,72281160.7
2021-12-03,453.42,137331647.0,76505388.7
2021-12-06,458.79,98977532.0,78134737.15
2021-12-07,468.28,95484688.0,80388711.85
2021-12-08,469.52,72238777.0,81443193.35
2021-12-09,466.35,61272568.0,81035339.1
2021-12-10,470.74,77159757.0,83150902.2
2021-12-13,466.57,87724680.0,84863803.5
2021-12-14,463.36,97264128.0,87377984.9
2021-12-15,470.6,116899251.0,90780072.35
2021-12-16,466.45,116568626.0,94215589.2
2021-12-17,459.87,135636510.0,98466134.35
2021-12-20,454.98,107134822.0,100957096.8
2021-12-21,463.06,69806260.0,100809312.1
2021-12-22,467.69,58890223.0,100093496.35
2021-12-23,470.6,56439745.0,99822542.95
2021-12-27,477.26,56808619.0,97029492.1
2021-12-28,476.87,47274585.0,95079780.45
2021-12-29,477.48,54502964.0,90376948.75
2021-12-30,476.16,55329041.0,86519109.05
2021-12-31,474.96,65237431.0,83399092.7
2022-01-03,477.71,72668233.0,80165922.0
2022-01-04,477.55,71178678.0,78775979.3
2022-01-05,468.38,104538940.0,79228691.9
2022-01-06,467.94,86858900.0,79959698.05
2022-01-07,466.09,85111593.0,81151649.3
2022-01-10,465.51,119361989.0,83261760.9
2022-01-11,469.75,74303062.0,82590680.0
2022-01-12,471.02,67605444.0,81107745.8
2022-01-13,464.53,91173121.0,79821439.3
2022-01-14,464.72,95890948.0,78787555.4
2022-01-18,456.49,109872376.0,77499348.7
2022-01-19,451.75,109357569.0,77610486.05
2022-01-20,446.75,122379696.0,80239157.85
2022-01-21,437.98,202271241.0,87408208.75
2022-01-24,439.84,252496719.0,97211057.45
2022-01-25,434.47,167997325.0,102770492.75
2022-01-26,433.38,186391088.0,109726317.9
2022-01-27,431.24,149878307.0,114495085.05
2022-01-28,441.95,164457370.0,119951501.5
2022-01-31,449.91,152251425.0,124302201.2
2022-02-01,452.95,123155382.0,126826558.65
2022-02-02,457.35,117360953.0,129135672.4
2022-02-03,446.6,118024442.0,129809947.5
2022-02-04,448.7,118454352.0,131389720.1
2022-02-07,447.26,84472859.0,131357783.4
2022-02-08,450.94,81012036.0,129440285.75
2022-02-09,457.54,92589929.0,130354629.1
2022-02-10,449.32,140103712.0,133979542.5
2022-02-11,440.46,153214597.0,137081616.3
2022-02-14,439.02,123006262.0,138437382.0
2022-02-15,446.1,88659503.0,137376738.35
2022-02-16,446.6,84863585.0,136152039.15
2022-02-17,437.06,102259108.0,135146009.75
2022-02-18,434.23,132642896.0,131664592.5
2022-02-22,429.57,124391830.0,125259348.05
2022-02-23,421.95,132578005.0,123488382.05
2022-02-24,428.3,213942946.0,124865974.95
2022-02-25,437.75,121804459.0,123462282.55
2022-02-28,436.63,145615029.0,122520165.5
2022-03-01,429.98,137785908.0,121796889.65
2022-03-02,437.89,117726525.0,121525446.8
2022-03-03,435.71,105501715.0,120932484.9
2022-03-04,432.17,114083256.0,120735425.6
2022-03-07,419.43,137896560.0,121707536.0
2022-03-08,416.25,164772744.0,125722530.25
2022-03-09,427.41,116990765.0,127521466.7
2022-03-10,425.48,93972655.0,127590603.0
2022-03-11,420.07,95636277.0,125367231.25
2022-03-14,417.0,95729188.0,122492960.8
2022-03-15,426.17,106219117.0,121653603.55
2022-03-16,435.62,144954805.0,124468368.65
2022-03-17,441.07,102676870.0,125359032.9
2022-03-18,444.52,106345544.0,125563354.7
2022-03-21,444.39,88349763.0,123348698.05
2022-03-22,449.59,74650394.0,120861626.25
2022-03-23,443.8,79426098.0,118204030.9
2022-03-24,450.49,64736892.0,110743728.2
2022-03-25,452.69,77101324.0,108508571.45
2022-03-28,455.91,68529767.0,104654308.35
2022-03-29,461.55,86581542.0,102094090.05
2022-03-30,458.7,79666942.0,100191110.9
2022-03-31,451.64,121699948.0,101001022.55
2022-04-01,452.92,89048773.0,99749298.4
2022-04-04,456.8,59601000.0,95834520.4
2022-04-05,451.03,74214501.0,91306608.25
2022-04-06,446.52,106897970.0,90801968.5
2022-04-07,448.77,78097214.0,90008196.45
2022-04-08,447.57,79272711.0,89190018.15
2022-04-11,439.92,89770538.0,88892085.65
2022-04-12,438.29,84363635.0,87799311.55
2022-04-13,443.31,74070394.0,84255091.0
2022-04-14,437.79,97869451.0,84014720.05
2022-04-18,437.97,66002498.0,81997567.75
2022-04-19,445.04,77821013.0,81471130.25
2022-04-20,444.71,65224449.0,80999833.0
2022-04-21,438.06,85417327.0,81299394.45
2022-04-22,426.04,132471772.0,84686138.45
2022-04-25,428.51,119647748.0,86813459.65
2022-04-26,416.1,103996312.0,88586786.9
2022-04-27,417.27,122029990.0,90359209.3
2022-04-28,427.81,105449088.0,91648316.6
2022-04-29,412.0,145491088.0,92837873.6
2022-05-02,414.48,158312526.0,96301061.25
2022-05-03,416.38,100028190.0,98322420.75
2022-05-04,429.06,144247895.0,101824090.45
2022-05-05,413.81,172929106.0,105125647.25
2022-05-06,411.34,151770811.0,108809327.1
2022-05-09,398.17,155586067.0,112624994.9
2022-05-10,399.09,132497200.0,114761328.0
2022-05-11,392.75,142360992.0,117661195.85
2022-05-12,392.34,125090753.0,120212213.8
2022-05-13,401.72,104174421.0,120527462.3
2022-05-16,400.09,78622444.0,121158459.6
2022-05-17,408.32,83029710.0,121418894.45
2022-05-18,391.86,117674545.0,124041399.25
2022-05-19,389.46,98510715.0,124696068.65
2022-05-20,389.63,131432197.0,124644089.9
2022-05-23,396.92,76414878.0,122482446.4
2022-05-24,393.89,91448831.0,121855072.35
2022-05-25,397.37,91472866.0,120327216.15
2022-05-26,405.31,82168339.0,119163178.7
2022-05-27,415.26,84768710.0,116127059.8
2022-05-31,412.93,95936980.0,113008282.5
2022-06-01,409.59,86585813.0,112336163.65
2022-06-02,417.39,79609633.0,109104250.55
2022-06-03,410.54,71874281.0,104051509.3
2022-06-06,411.79,57508858.0,99338411.65
2022-06-07,415.74,59272373.0,94522726.95
2022-06-08,411.22,64349966.0,91115365.25
2022-06-09,401.44,86289796.0,88311805.45
2022-06-10,389.8,132893864.0,88701961.0
2022-06-13,375.0,170004861.0,91993483.0
2022-06-14,373.87,104011831.0,93262952.35
2022-06-15,379.2,125666797.0,95394806.7
2022-06-16,366.65,134473288.0,96234743.85
2022-06-17,365.86,111113904.0,96864903.3
2022-06-21,375.07,76811861.0,94133886.5
2022-06-22,374.39,90059424.0,94816113.8
2022-06-23,378.06,79292135.0,94208279.0
2022-06-24,390.08,98050333.0,94537152.35
2022-06-27,388.59,66009617.0,93729216.25
2022-06-28,380.65,86689824.0,93825271.95
2022-06-29,380.34,65675999.0,92312222.9
2022-06-30,377.25,112508273.0,93608345.9
2022-07-01,381.24,74839729.0,93369850.7
2022-07-05,381.96,81437965.0,93848034.9
2022-07-06,383.25,70426244.0,94493904.2
2022-07-07,388.99,64525919.0,94756581.5
2022-07-08,388.67,72397765.0,95158971.45
2022-07-11,384.23,58366945.0,93762828.9
2022-07-12,380.83,62219178.0,90229094.6
2022-07-13,378.83,84224649.0,85940084.0
2022-07-14,377.91,89704819.0,85224733.4
2022-07-15,385.13,79060383.0,82894412.7
2022-07-18,381.95,63203626.0,79330929.6
2022-07-19,392.27,78505972.0,77700533.0
2022-07-20,394.77,71843769.0,77452128.4
2022-07-21,398.79,64903856.0,76194350.0
2022-07-22,395.09,72197332.0,75839609.85
2022-07-25,395.57,53631485.0,73618667.45
2022-07-26,390.89,52946393.0,72965506.25
2022-07-27,401.04,82342106.0,72748120.35
2022-07-28,406.07,73966563.0,73162648.55
2022-07-29,411.99,87003672.0,71887418.5
2022-08-01,410.77,69997471.0,71645305.6
2022-08-02,408.06,63435418.0,70745178.25
2022-08-03,414.45,67820555.0,70614893.8
2022-08-04,414.17,45656574.0,69671426.55
2022-08-05,413.47,56814929.0,68892284.75
2022-08-08,412.99,54025965.0,68675235.75
2022-08-09,411.35,44931772.0,67810865.45
2022-08-10,419.99,68665712.0,67032918.6
2022-08-11,419.99,59489704.0,65522162.85
2022-08-12,427.1,61694542.0,64653870.8
2022-08-15,428.86,54048280.0,64196103.5
2022-08-16,429.7,59289039.0,63235256.85
2022-08-17,426.65,63563394.0,62821238.1
2022-08-18,427.89,49023206.0,62027205.6
2022-08-19,422.14,68016902.0,61818184.1
2022-08-22,413.35,77695640.0,63021391.85
2022-08-23,412.35,49105249.0,62829334.65
2022-08-24,413.67,49177804.0,61171119.55
2022-08-25,419.51,50942252.0,60019904.0
2022-08-26,405.31,103086976.0,60824069.2
2022-08-29,402.63,65370810.0,60592736.15
2022-08-30,398.21,85652443.0,61703587.4
2022-08-31,395.18,76029671.0,62114043.2
2022-09-01,396.42,78740084.0,63768218.7
2022-09-02,392.24,99632149.0,65909079.7
2022-09-06,390.76,76637400.0,67039651.45
2022-09-07,397.78,70964232.0,68341274.45
2022-09-08,400.38,80821681.0,68949072.9
2022-09-09,406.6,76706918.0,69809933.6
2022-09-12,410.97,69256262.0,70188019.6
2022-09-13,393.1,122947081.0,73632959.65
2022-09-14,394.6,85023747.0,74919695.05
2022-09-15,390.12,87633840.0,76123217.35
2022-09-16,385.56,103084819.0,78826298.0
2022-09-19,388.55,73278490.0,79089377.4
2022-09-20,384.09,77274882.0,79068339.5
2022-09-21,377.39,106746554.0,81950404.75
2022-09-22,374.22,89472641.0,83965146.6
2022-09-23,367.95,122346933.0,87535380.65
2022-09-26,364.31,92581244.0,87010094.05
2022-09-27,363.38,108294074.0,89156257.25
2022-09-28,370.53,110802217.0,90413745.95
2022-09-29,362.79,112952315.0,92259878.15
2022-09-30,357.18,153711243.0,96008436.1
2022-10-03,366.61,89756479.0,95514652.6
2022-10-04,377.97,103602775.0,96862921.35
2022-10-05,377.09,88065669.0,97717993.2
2022-10-06,373.2,82333543.0,97793586.3
2022-10-07,362.79,107789498.0,99347715.3
2022-10-10,360.02,76042765.0,99687040.45
2022-10-11,357.74,92482785.0,98163825.65
2022-10-12,356.56,76991799.0,97762228.25
2022-10-13,365.97,147254518.0,100743262.15
2022-10-14,357.63,123737013.0,101775871.85
2022-10-17,366.82,93168231.0,102770358.9
2022-10-18,371.13,97162850.0,103764757.3
2022-10-19,368.5,79746863.0,102414772.75
2022-10-20,365.41,88283087.0,102355295.05
2022-10-21,374.29,131038379.0,102789867.35
2022-10-24,378.87,85436907.0,102432650.5
2022-10-25,384.92,78846348.0,100960264.2
2022-10-26,382.02,104087348.0,100624520.75
2022-10-27,379.98,81971756.0,99075492.8
2022-10-28,389.02,100301958.0,96405028.55
2022-10-31,386.21,96631258.0,96748767.5
2022-11-01,384.52,85407598.0,95839008.65
2022-11-02,374.87,126990356.0,97785243.0
2022-11-03,371.01,87100115.0,98023571.6
2022-11-04,376.35,103505182.0,97809355.8
2022-11-07,379.95,68286947.0,97421564.9
2022-11-08,382.0,84641062.0,97029478.75
2022-11-09,374.13,78495470.0,97104662.3
2022-11-10,394.69,141455847.0,96814728.75
2022-11-11,398.51,93839872.0,95319871.7
2022-11-14,395.12,71893165.0,94256118.4
2022-11-15,398.49,93194452.0,94057698.5
2022-11-16,395.45,68508454.0,93495778.05
2022-11-17,394.24,74496255.0,92806436.45
2022-11-18,396.03,92922451.0,90900640.05
2022-11-21,394.59,51243189.0,89190954.15
2022-11-22,399.9,60429025.0,88270088.0
2022-11-23,402.42,68261628.0,86478802.0
2022-11-25,402.33,30545434.0,83907485.9
2022-11-28,395.91,68021749.0,82293475.45
2022-11-29,395.23,52310039.0,80077414.5
2022-11-30,407.68,144566653.0,83035367.25
2022-12-01,407.38,76398170.0,80505757.95
2022-12-02,406.91,85342731.0,80417888.75
2022-12-05,399.59,77289815.0,79107120.4
2022-12-06,393.83,77972217.0,79591383.9
2022-12-07,393.16,65927896.0,78655725.6
2022-12-08,396.24,60737912.0,77767847.7
2022-12-09,393.28,81447733.0,74767442.0
2022-12-12,398.95,75405835.0,73845740.15
2022-12-13,401.97,123782534.0,76440208.6
2022-12-14,399.4,108111349.0,77186053.45
2022-12-15,389.63,117705889.0,79645925.2
2022-12-16,383.27,119857952.0,81914010.05
2022-12-19,380.02,79878103.0,81261792.65
2022-12-20,380.54,74427240.0,82420995.2
2022-12-21,386.23,78167369.0,83307912.4
2022-12-22,380.72,100120855.0,84900873.75
2022-12-23,382.91,59857329.0,86366468.5
2022-12-27,381.4,51638180.0,85547290.05
2022-12-28,376.66,70911520.0,86477364.1
2022-12-29,383.44,66970877.0,82597575.3
2022-12-30,382.43,84022205.0,82978777.05
2023-01-03,380.82,74850731.0,82454177.05
2023-01-04,383.76,85934098.0,82886391.2
2023-01-05,379.38,76970456.0,82836303.15
2023-01-06,388.08,104189603.0,84749388.5
2023-01-09,387.86,73978071.0,85411396.45
2023-01-10,390.58,65358094.0,84606914.5
2023-01-11,395.52,68881080.0,84280676.75
2023-01-12,396.96,90157699.0,82599435.0
2023-01-13,398.5,63903932.0,80389064.15
2023-01-17,397.77,62677281.0,77637633.75
2023-01-18,391.49,99632262.0,76626349.25
2023-01-19,388.64,86958919.0,76980390.05
2023-01-20,395.88,91806356.0,77849345.85
2023-01-23,400.63,84178797.0,78149917.25
2023-01-24,400.2,59524911.0,76120120.05
2023-01-25,400.35,84800251.0,77367266.15
2023-01-26,404.75,72287425.0,78399728.4
2023-01-27,405.68,68346180.0,78271461.4
2023-01-30,400.59,74202018.0,78633018.45
2023-01-31,406.48,86811786.0,78772497.5
2023-02-01,410.8,101459155.0,80102918.7
2023-02-02,416.78,101654463.0,80888936.95
2023-02-03,412.35,94736781.0,81777253.2
2023-02-06,409.83,60295325.0,79582539.3
2023-02-07,415.19,90990745.0,80433173.0
2023-02-08,410.65,76227462.0,80976641.4
2023-02-09,407.09,78694859.0,81467330.35
2023-02-10,408.04,70769715.0,80497931.15
2023-02-13,412.83,64913539.0,80548411.5
2023-02-14,412.64,88389313.0,81834013.1
2023-02-15,413.98,61685279.0,79936663.95
2023-02-16,408.28,76431469.0,79410291.45
2023-02-17,407.26,89257815.0,79282864.4
2023-02-21,399.09,82655924.0,79206720.75
2023-02-22,398.54,83742293.0,80417589.85
2023-02-23,400.66,96242399.0,80989697.25
2023-02-24,396.38,108194413.0,82785046.65
2023-02-27,397.73,80444736.0,83389974.45
2023-02-28,396.26,96438567.0,84501801.9
2023-03-01,394.74,99706823.0,85146553.75
2023-03-02,397.81,85404726.0,84343832.3
2023-03-03,404.19,90119952.0,83767106.75
2023-03-06,404.47,72795946.0,82670065.0
2023-03-07,398.27,108310596.0,85070828.55
2023-03-08,398.92,74746632.0,84258622.9
2023-03-09,391.56,111945322.0,86044515.9
2023-03-10,385.91,189252996.0,91572422.75
2023-03-13,385.36,157789967.0,95923435.35
2023-03-14,391.73,149752357.0,100165376.25
2023-03-15,389.28,172996933.0,104395757.25
2023-03-16,396.11,143753940.0,108499190.3
2023-03-17,389.99,140553411.0,111705287.4
2023-03-20,393.74,93055783.0,111895185.8
2023-03-21,398.91,91524248.0,112338602.0
2023-03-22,392.11,111746583.0,113738816.5
2023-03-23,393.17,119351319.0,114894262.5
2023-03-24,395.75,107770124.0,114873048.05
2023-03-27,396.49,74010408.0,114551331.65
2023-03-28,395.6,62871680.0,112872987.3
2023-03-29,401.35,77497876.0,111762539.95
2023-03-30,403.7,69840049.0,110984306.1
2023-03-31,409.39,112062624.0,112081439.7
2023-04-03,410.95,67391097.0,111811197.25
2023-04-04,408.67,66601534.0,109725744.15
2023-04-05,407.6,65200243.0,109248424.7
2023-04-06,409.19,63743345.0,106838325.85
2023-04-10,409.61,63681042.0,100559728.15
2023-04-11,409.72,59297945.0,95635127.05
2023-04-12,408.05,86420379.0,92468528.15
2023-04-13,413.47,85814754.0,88109419.2
2023-04-14,412.46,78161500.0,84829797.2
2023-04-17,413.94,66436399.0,81123946.6
2023-04-18,414.21,63559997.0,79649157.3
2023-04-19,414.14,55227330.0,77834311.4
2023-04-20,411.88,75840359.0,76039000.2
2023-04-21,412.2,73457422.0,73744305.35
2023-04-24,412.63,64332095.0,71572403.9
2023-04-25,406.08,97766721.0,72760219.55
2023-04-26,404.36,80447049.0,73638988.0
2023-04-27,412.41,92968369.0,74412512.65
2023-04-28,415.93,89433137.0,75392167.05
2023-05-01,415.51,62122254.0,72895148.55
2023-05-02,410.84,103998484.0,74725517.9
2023-05-03,408.02,91531769.0,75972029.65
2023-05-04,405.13,94901863.0,77457110.65
2023-05-05,412.63,87891791.0,78664532.95
2023-05-08,412.74,50046768.0,77982819.25
2023-05-09,410.93,49220119.0,77478927.95
2023-05-10,412.85,96142922.0,77965055.1
2023-05-11,412.13,70157064.0,77182170.6
2023-05-12,411.59,70481548.0,76798173.0
2023-05-15,413.01,54289383.0,76190822.2
2023-05-16,410.25,57705495.0,75898097.1
2023-05-17,415.23,87286957.0,77501078.45
2023-05-18,419.23,97177195.0,78567920.25
2023-05-19,418.62,103793317.0,80084715.0
2023-05-22,418.79,60745399.0,79905380.2
2023-05-23,414.09,86383493.0,79336218.8
2023-05-24,411.09,89213678.0,79774550.25
2023-05-25,414.65,90961606.0,79674212.1
2023-05-26,420.02,93829975.0,79894054.0
2023-05-30,420.18,72215960.0,80398739.3
2023-05-31,417.85,110811780.0,80739404.1
2023-06-01,421.82,88865018.0,80606066.55
2023-06-02,427.92,91426171.0,80432281.95
2023-06-05,427.1,65460158.0,79310700.3
2023-06-06,428.03,64022175.0,80009470.65
2023-06-07,426.55,85373275.0,81817128.45
2023-06-08,429.13,61952842.0,80107624.45
2023-06-09,429.9,85647268.0,80882134.65
2023-06-12,433.8,76256703.0,81170892.4
2023-06-13,436.66,95899704.0,83251408.45
2023-06-14,437.18,100612080.0,85396737.7
2023-06-15,442.6,110303091.0,86547544.4
2023-06-16,439.46,114165849.0,87396977.1
2023-06-20,437.18,76160359.0,86015329.2
2023-06-21,434.94,76982251.0,86827171.8
2023-06-22,436.51,70637175.0,86039855.9
2023-06-23,433.21,92074537.0,86182898.85
2023-06-26,431.44,72823560.0,85275996.55
2023-06-27,436.17,72813699.0,84225182.75
2023-06-28,436.39,75635976.0,84396183.55
2023-06-29,438.11,67882304.0,82249709.75
2023-06-30,443.28,104964019.0,83054659.8
2023-07-03,443.79,32793378.0,80123020.15
2023-07-05,443.13,58418432.0,79770933.85
2023-07-06,439.66,80658302.0,80602740.2
2023-07-07,438.55,86134178.0,80640785.35
2023-07-10,439.66,62443501.0,80665318.3
2023-07-11,442.46,64463752.0,79606142.5
2023-07-12,446.02,91924527.0,80389533.7
2023-07-13,449.56,72425241.0,79215810.55
2023-07-14,449.28,69815823.0,77675997.7
2023-07-17,450.84,52680221.0,74794854.2
2023-07-18,454.19,80744448.0,73123784.15
2023-07-19,455.2,65891688.0,72610350.6
2023-07-20,452.18,70591642.0,72290820.15
2023-07-21,452.18,71275618.0,72322742.3
2023-07-24,454.2,54023382.0,70420184.55
2023-07-25,455.44,55191240.0,69538568.55
2023-07-26,455.51,71052885.0,69450527.85
2023-07-27,452.49,92194375.0,70278447.8
2023-07-28,456.92,80011790.0,70884922.1
2023-07-31,457.79,62040449.0,68738743.6
2023-08-01,456.48,55502199.0,69874184.65
2023-08-02,450.13,93933369.0,71649931.5
2023-08-03,448.84,64419692.0,70838001.0
2023-08-04,446.81,100128902.0,71537737.2
2023-08-07,450.71,58357464.0,71333435.35
2023-08-08,448.75,71361324.0,71678313.95
2023-08-09,445.75,78789575.0,71021566.35
2023-08-10,445.91,93005495.0,72050579.05
2023-08-11,445.65,68690902.0,71994333.0
2023-08-14,448.11,47867441.0,71753694.0
2023-08-15,442.89,75707534.0,71501848.3
2023-08-16,439.64,80107206.0,72212624.2
2023-08-17,436.29,95711315.0,73468607.85
2023-08-18,436.5,98851960.0,74847424.95
2023-08-21,439.34,68718957.0,75582203.7
2023-08-22,438.15,65062861.0,76075784.75
2023-08-23,443.03,68441021.0,75945191.55
2023-08-24,436.89,88517272.0,75761336.4
2023-08-25,439.97,102325103.0,76877002.05
2023-08-28,442.76,61595393.0,76854749.25
2023-08-29,449.16,83081916.0,78233735.1
2023-08-30,451.01,69053911.0,76989762.2
2023-08-31,450.35,66084563.0,77073005.75
2023-09-01,451.19,58944098.0,75013765.55
2023-09-05,449.24,55166210.0,74854202.85
2023-09-06,446.22,70758512.0,74824062.25
2023-09-07,444.85,70355426.0,74402354.8
2023-09-08,445.52,62068437.0,72855501.9
2023-09-11,448.45,60180118.0,72429962.7
2023-09-12,445.99,67565422.0,73414861.75
2023-09-13,446.51,60199272.0,72639448.65
2023-09-14,450.36,83430814.0,72805629.05
2023-09-15,443.37,111848859.0,73612506.25
2023-09-18,443.63,55752213.0,71457518.9
2023-09-19,442.71,66514648.0,71347303.45
2023-09-20,438.64,82562602.0,72222290.5
2023-09-21,431.39,104095826.0,74005030.75
2023-09-22,430.42,100829684.0,74620651.35
2023-09-25,432.23,70874534.0,73048122.9
2023-09-26,425.88,96168436.0,74776775.05
2023-09-27,426.05,104705847.0,75857971.6
2023-09-28,428.52,92258308.0,77018191.45
2023-09-29,427.48,115111319.0,79469529.25
2023-10-02,427.31,83798599.0,80712254.3
2023-10-03,421.59,103760607.0,83141974.15
2023-10-04,424.66,87452968.0,83976696.95
2023-10-05,424.5,70142744.0,83966062.85
2023-10-06,429.54,113273309.0,86526306.45
2023-10-09,432.29,80374362.0,87536018.65
2023-10-10,434.54,78607268.0,88088110.95
2023-10-11,436.32,62451736.0,88200734.15
2023-10-12,433.66,81154230.0,88086904.95
2023-10-13,431.5,95201132.0,87254518.6
2023-10-16,436.04,75433194.0,88238567.65
2023-10-17,436.02,75324708.0,88679070.65
2023-10-18,430.21,93559798.0,89228930.45
2023-10-19,426.43,121322957.0,90090287.0
2023-10-20,421.19,123919814.0,91244793.5
2023-10-23,420.46,92035095.0,92302821.55
2023-10-24,423.63,78564239.0,91422611.7
2023-10-25,417.55,94223198.0,90898479.25
2023-10-26,412.55,115156761.0,92043401.9
2023-10-27,410.68,107367081.0,91656190.0
2023-10-30,415.59,86562585.0,91794389.3
2023-10-31,418.2,79665150.0,90589616.45
2023-11-01,422.66,98067985.0,91120367.3
2023-11-02,430.76,94938909.0,92360175.55
2023-11-03,434.69,100167748.0,91704897.5
2023-11-06,435.69,67831659.0,91077762.35
2023-11-07,436.93,64256038.0,90360200.85
2023-11-08,437.25,61745970.0,90324912.55
2023-11-09,433.84,83174302.0,90425916.15
2023-11-10,440.61,89557964.0,90143757.75
2023-11-13,440.19,52236068.0,88983901.45
2023-11-14,448.73,97176929.0,90076512.5
2023-11-15,449.68,77327516.0,89264898.4
2023-11-16,450.23,66665790.0,86532040.05
2023-11-17,450.79,83193420.0,84495720.35
2023-11-20,454.26,70055574.0,83396744.3
2023-11-21,453.27,49244631.0,81930763.9
2023-11-22,455.02,59446457.0,80191926.85
2023-11-24,455.26,25649322.0,75716554.9
2023-11-27,454.48,50505985.0,72873500.1
2023-11-28,454.93,62115011.0,71651121.4
2023-11-29,454.61,63145992.0,70825163.5
2023-11-30,456.4,79752445.0,69909386.5
2023-12-01,459.1,89183400.0,69621611.05
2023-12-04,456.69,72430887.0,68234768.0
2023-12-05,456.6,69793469.0,68332858.5
2023-12-06,454.76,69124550.0,68576284.1
2023-12-07,458.23,66995446.0,68838757.9
2023-12-08,460.2,83193947.0,68839740.15
2023-12-11,461.99,65002244.0,67611954.15
2023-12-12,464.1,68327617.0,68416531.6
2023-12-13,470.5,93277960.0,68221583.15
2023-12-14,472.01,119026023.0,70306508.5
2023-12-15,469.33,141553573.0,74050897.65
2023-12-18,471.97,70375047.0,73409979.0
2023-12-19,474.84,55761791.0,72695289.85
2023-12-20,468.26,102920959.0,75379106.25
2023-12-21,472.7,86667465.0,76740156.65
2023-12-22,473.65,67160332.0,78815707.15
2023-12-26,475.65,55386952.0,79059755.5
2023-12-27,476.51,68000311.0,79354020.5
2023-12-28,476.69,77158109.0,80054626.35
2023-12-29,475.31,122283086.0,82181158.4
2024-01-02,472.65,123007788.0,83872377.8
2024-01-03,468.79,103585865.0,85430126.7
2024-01-04,467.28,84232111.0,86152058.8
2024-01-05,467.92,86118879.0,87001775.25
2024-01-08,474.6,74879049.0,87395955.4
2024-01-09,473.88,65931439.0,86532830.0
2024-01-10,476.56,67310640.0,86648249.8
2024-01-11,476.35,77940658.0,87128901.85
2024-01-12,476.68,58026382.0,85366322.95
2024-01-16,474.93,85014870.0,83665765.3
2024-01-17,472.29,68843739.0,80030273.6
2024-01-18,476.49,91856248.0,81104333.65
2024-01-19,482.43,110834473.0,83857967.75
2024-01-22,483.45,75844830.0,82504161.3
2024-01-23,484.86,49945283.0,80668052.2
2024-01-24,485.39,81765029.0,81398287.05
2024-01-25,488.03,72524989.0,82255188.9
2024-01-26,487.41,76641554.0,82687251.05
2024-01-29,491.27,61322749.0,81895483.05
2024-01-30,490.89,58618384.0,78712247.95
2024-01-31,482.88,126011062.0,78862411.65
2024-02-01,489.2,91891635.0,78277700.15
2024-02-02,494.35,99228191.0,79027504.15
2024-02-05,492.55,75757102.0,78509415.3
2024-02-06,493.98,55918562.0,77561390.95
2024-02-07,498.1,70556506.0,77792644.3
2024-02-08,498.32,52343597.0,77044292.15
2024-02-09,501.2,63979375.0,76346228.0
2024-02-12,500.98,56502087.0,76270013.25
2024-02-13,494.08,113099199.0,77674229.7
2024-02-14,498.57,68387826.0,77651434.05
2024-02-15,502.01,61682960.0,76142769.65
2024-02-16,499.51,75532928.0,74377692.4
2024-02-20,496.76,71736740.0,74172287.9
2024-02-21,497.21,59603771.0,74655212.3
2024-02-22,507.5,76402535.0,74387087.6
2024-02-23,507.85,61321818.0,73826929.05
2024-02-26,505.99,50386676.0,72514185.15
2024-02-27,506.93,48854485.0,71890771.95
2024-02-28,506.26,56506599.0,71785182.7
2024-02-29,508.08,83924770.0,69680868.1
2024-03-01,512.85,76844765.0,68928524.6
2024-03-04,512.3,49799109.0,66457070.5
2024-03-05,507.18,72855623.0,66311996.55
2024-03-06,509.75,68382367.0,66935186.8
2024-03-07,514.81,58652085.0,66339965.75
2024-03-08,511.72,86532535.0,68049412.65
2024-03-11,511.28,62557167.0,67978302.25
2024-03-12,516.78,73114439.0,68808919.85
2024-03-13,515.97,55104062.0,65909163.0
2024-03-14,514.95,110171724.0,67998357.9
2024-03-15,509.83,107646263.0,70296523.05
2024-03-18,512.86,88893331.0,70964543.2
2024-03-19,515.71,60755236.0,70415468.0
2024-03-20,520.48,69594537.0,70915006.3
2024-03-21,522.2,60256042.0,70107681.65
2024-03-22,521.21,79070741.0,70995127.8
2024-03-25,519.77,48512108.0,70901399.4
2024-03-26,518.81,65463744.0,71731862.35
2024-03-27,523.17,82999777.0,73056521.25
2024-03-28,523.07,96294886.0,73675027.05
2024-04-01,522.16,62477540.0,72956665.8
2024-04-02,518.84,74230308.0,74178225.75
2024-04-03,519.41,59155759.0,73493232.55
2024-04-04,513.07,96858074.0,74917017.9
2024-04-05,518.43,74546483.0,75711737.8
2024-04-08,518.72,48401752.0,73805198.65
2024-04-09,519.32,68124385.0,74083559.55
2024-04-10,514.12,82652806.0,74560477.9
2024-04-11,518.0,70099007.0,75310225.15
2024-04-12,510.85,92561094.0,74429693.65
2024-04-15,504.45,92101447.0,73652452.85
2024-04-16,503.53,73484020.0,72881987.3
2024-04-17,500.55,75910305.0,73639740.75
2024-04-18,499.52,74548085.0,73887418.15
2024-04-19,495.16,102212587.0,75985245.4
2024-04-22,499.72,67961048.0,75429760.75
2024-04-23,505.65,64633620.0,76235836.35
2024-04-24,505.41,55928076.0,75759052.95
2024-04-25,503.49,69122368.0,75065182.5
2024-04-26,508.26,64306118.0,73465744.1
2024-04-29,510.06,46415449.0,72662639.55
2024-04-30,501.98,77483566.0,72825302.45
2024-05-01,500.35,80242839.0,73879656.45
2024-05-02,505.03,62550179.0,72164261.7
2024-05-03,511.29,72756704.0,72074772.75
2024-05-06,516.57,47264703.0,72017920.3
2024-05-07,517.14,52561299.0,71239766.0
2024-05-08,517.19,42047113.0,69209481.35
2024-05-09,520.17,43643667.0,67886714.35
2024-05-10,520.84,52233060.0,65870312.65
2024-05-13,520.91,36716361.0,63101058.35
2024-05-14,523.3,57535866.0,62303650.65
2024-05-15,529.78,59504878.0,61483379.3
2024-05-16,528.69,50244827.0,60268216.4
2024-05-17,529.45,59187499.0,58116962.0
2024-05-20,530.06,37763810.0,56607100.1
2024-05-21,531.36,33437000.0,55047269.1
2024-05-22,529.83,48389968.0,54670363.7
2024-05-23,525.96,57211196.0,54074805.1
2024-05-24,529.44,41291026.0,52924050.5
2024-05-28,529.81,36269602.0,52416758.15
2024-05-29,526.1,45190323.0,50802096.0
2024-05-30,522.61,46468510.0,49113379.55
2024-05-31,527.37,90785755.0,50525158.35
2024-06-03,527.8,46835676.0,49229106.95
2024-06-04,528.39,34632656.0,48597504.6
2024-06-05,534.67,47610315.0,48349955.4
2024-06-06,534.66,30808434.0,47788021.45
2024-06-07,534.01,43224525.0,47767064.35
2024-06-10,535.66,35729252.0,46941873.95
2024-06-11,536.95,36383411.0,46925226.45
2024-06-12,541.36,63251305.0,47210998.4
2024-06-13,542.45,44760909.0,46473799.95
2024-06-14,542.78,40089895.0,45966053.35
2024-06-17,547.1,55839357.0,45798646.25
2024-06-18,548.49,41376417.0,45979276.6
2024-06-20,547.0,70328226.0,47823837.9
2024-06-21,544.51,64513859.0,48630032.45
2024-06-24,542.74,45528654.0,48045905.35
2024-06-25,544.83,38273295.0,47895018.8
2024-06-26,545.51,38550637.0,48009070.55
2024-06-27,546.37,35041427.0,47501625.75
2024-06-28,544.22,76144534.0,48985426.95
2024-07-01,545.34,40297810.0,46461029.7
2024-07-02,549.01,40434720.0,46140981.9
2024-07-03,551.46,27500585.0,45784378.35
2024-07-05,554.64,41488389.0,45478282.05
2024-07-08,555.28,36110401.0,45743380.4
2024-07-09,555.82,27314043.0,44947856.3
2024-07-10,561.32,38701041.0,45096445.75
2024-07-11,556.48,53053997.0,45929975.05
2024-07-12,559.99,53084388.0,45421629.2
2024-07-15,561.53,40584226.0,45212795.05
2024-07-16,564.86,36475245.0,45032062.55
2024-07-17,556.94,57118946.0,45096042.0
2024-07-18,552.66,56270359.0,45840739.1
2024-07-19,548.99,65508933.0,45599774.45
2024-07-22,554.65,43346712.0,44541417.1
2024-07-23,553.78,34439286.0,43986948.7
2024-07-24,541.23,74515265.0,45799047.2
2024-07-25,538.41,61158050.0,46929417.85
2024-07-26,544.44,53763788.0,47865535.9
2024-07-29,544.76,39515769.0,46034097.65
2024-07-30,542.0,46853600.0,46361887.15
2024-07-31,550.81,65663387.0,47623320.5
2024-08-01,543.01,76428731.0,50069727.8
2024-08-02,532.9,82789056.0,52134761.15
2024-08-05,517.38,146267391.0,57642610.65
2024-08-06,522.15,84826215.0,60518219.25
2024-08-07,518.66,70698339.0,62118084.15
2024-08-08,530.65,63276401.0,62629204.35
2024-08-09,532.99,45619428.0,62255956.35
2024-08-12,533.27,42542037.0,62353846.9
2024-08-13,542.04,52333052.0,63146737.25
2024-08-14,543.75,42446926.0,62413136.25
2024-08-15,553.07,60846751.0,62641955.85
2024-08-16,554.31,44429955.0,61588006.95
2024-08-19,559.61,39121755.0,61376759.1
2024-08-20,558.7,33732264.0,61341408.0
2024-08-21,560.62,41514600.0,59691374.75
2024-08-22,556.22,56121339.0,59439539.2
2024-08-23,562.13,50639392.0,59283319.4
2024-08-26,560.79,35788496.0,59096955.75
2024-08-27,561.56,32693898.0,58388970.65
2024-08-28,558.3,41065882.0,57159095.4
2024-08-29,558.35,38715175.0,55273417.6
2024-08-30,563.68,62700079.0,54268968.75
2024-09-03,552.08,60600113.0,49985604.85
2024-09-04,550.95,47224929.0,48105540.55
2024-09-05,549.61,44264202.0,46783833.7
2024-09-06,540.36,68493798.0,47044703.55
2024-09-09,546.41,40445821.0,46786023.2
2024-09-10,548.79,36394578.0,46478650.25
2024-09-11,554.42,75248558.0,47624425.55
2024-09-12,559.09,51892647.0,48096711.6
2024-09-13,562.01,39310271.0,47019887.6
2024-09-16,562.84,36656122.0,46631195.95
2024-09-17,563.07,49320970.0,47141156.7
2024-09-18,561.4,59044898.0,48406788.4
2024-09-19,570.98,75315470.0,50096831.9
2024-09-20,568.25,77503045.0,51165917.2
2024-09-23,569.67,44116839.0,50839789.55
2024-09-24,571.3,46805576.0,51390643.55
2024-09-25,570.04,38428495.0,51677373.4
2024-09-26,572.3,48335896.0,52040874.1
2024-09-27,571.47,42100858.0,52210158.25
2024-09-30,573.76,63655445.0,52257926.55
2024-10-01,568.62,72668672.0,52861354.5
2024-10-02,568.86,38097707.0,52404993.4
2024-10-03,567.82,40846466.0,52234106.6
2024-10-04,572.98,43005186.0,50959676.0
2024-10-07,567.8,49964556.0,51435612.75
2024-10-08,573.17,37398593.0,51485813.5
2024-10-09,577.14,37912194.0,49618995.3
2024-10-10,576.13,44138048.0,49231265.35
2024-10-11,579.58,42267884.0,49379146.0
2024-10-14,584.32,36217215.0,49357200.65
2024-10-15,579.78,54203631.0,49601333.7
2024-10-16,582.3,30725415.0,48185359.55
2024-10-17,582.35,34393654.0,46139268.75
2024-10-18,584.59,37416801.0,44134956.55
2024-10-21,583.63,36438972.0,43751063.2
2024-10-22,583.32,34183693.0,43119969.05
2024-10-23,577.99,49314573.0,43664272.95
2024-10-24,579.24,34979843.0,42996470.3
2024-10-25,579.04,47268053.0,43254830.05
2024-10-28,580.83,30174654.0,41580790.5
2024-10-29,581.77,42899578.0,40092335.8
2024-10-30,580.01,41435752.0,40259238.05
2024-10-31,568.64,60182016.0,41226015.55
2024-11-01,571.04,45667533.0,41359132.9
2024-11-04,569.81,38216975.0,40771753.85
2024-11-05,576.7,39478239.0,40875736.15
2024-11-06,591.04,68181952.0,42389224.05
2024-11-07,595.61,47233212.0,42543982.25
2024-11-08,598.19,46444885.0,42752832.3
2024-11-11,598.76,37586772.0,42821310.15
2024-11-12,596.9,43005977.0,42261427.45
2024-11-13,597.19,47388640.0,43094588.7
2024-11-14,593.35,38904109.0,43320111.45
2024-11-15,585.75,75988474.0,45248695.1
2024-11-18,588.15,37084076.0,45280950.3
2024-11-19,590.3,49412046.0,46042367.95
2024-11-20,590.5,50032556.0,46078267.1
2024-11-21,593.67,46750263.0,46666788.1
2024-11-22,595.51,38226356.0,46214703.25
2024-11-25,597.53,42441393.0,46828040.2
2024-11-26,600.65,45621288.0,46964125.7
2024-11-27,598.83,34000143.0,46592345.25
2024-11-29,602.55,24130386.0,44789763.75
2024-12-02,603.63,31745855.0,44093679.85
2024-12-03,603.91,26906567.0,43528159.45
2024-12-04,607.66,42787561.0,43693625.55
2024-12-05,606.66,28762104.0,41722633.15
2024-12-06,607.81,31241521.0,40923048.6
2024-12-09,604.68,34742737.0,40337941.2
2024-12-10,602.8,37234514.0,40320328.3
2024-12-11,607.46,28677723.0,39603915.6
2024-12-12,604.33,31543812.0,38811674.2
2024-12-13,604.21,35904639.0,38661700.7
2024-12-16,606.79,43695117.0,37047032.85
2024-12-17,604.29,55773544.0,37981506.25
2024-12-18,586.28,108248597.0,40923333.8
2024-12-19,586.1,85919444.0,42717678.2
2024-12-20,591.15,125716619.0,46665996.0
2024-12-23,594.69,57635825.0,47636469.45
2024-12-24,601.3,25435393.0,46786169.45
2024-12-26,601.34,41338883.0,46572049.2
2024-12-27,595.01,64969287.0,48120506.4
2024-12-30,588.22,56578753.0,49742924.75
2024-12-31,586.08,57052654.0,51008264.7
2025-01-02,584.64,50203786.0,52173125.65
2025-01-03,591.95,37888452.0,51928170.2
2025-01-06,595.36,47679386.0,52874034.3
2025-01-07,588.63,60393050.0,54331610.75
2025-01-08,589.49,47304661.0,54959706.95
2025-01-10,580.49,73104923.0,56753227.4
2025-01-13,581.39,47910059.0,57714844.2
2025-01-14,582.19,48420580.0,58558682.6
2025-01-15,592.78,56900159.0,59608458.6
2025-01-16,591.64,43319581.0,59589681.8
2025-01-17,597.58,58070390.0,59704524.1
2025-01-21,603.05,42532833.0,56418735.9
2025-01-22,606.44,48195854.0,54532556.4
2025-01-23,609.75,41151901.0,50304320.5
2025-01-24,607.97,34604692.0,49152763.85
2025-01-27,599.37,70360829.0,51399035.65
2025-01-28,604.52,44433322.0,51553757.6
2025-01-29,601.81,37177073.0,50164146.9
2025-01-30,605.04,39281142.0,49299266.35
2025-01-31,601.82,66671471.0,49780207.2
2025-02-03,597.77,65857248.0,50562880.3
2025-02-04,601.78,33457742.0,50341344.8
2025-02-05,604.22,30653109.0,49490030.95
2025-02-06,606.32,35771503.0,48258953.6
2025-02-07,600.77,50788495.0,48433145.3
2025-02-10,604.85,26048646.0,46080331.45
2025-02-11,605.31,30056523.0,45187654.65
2025-02-12,603.36,45076076.0,45020429.45
2025-02-13,609.73,40921261.0,44221484.55
2025-02-14,609.7,26910306.0,43401020.8
2025-02-18,611.49,26749009.0,41834951.75
2025-02-19,612.93,31010958.0,41258858.0
2025-02-20,610.38,36554002.0,40676765.4
2025-02-21,599.94,76519718.0,42445156.25
2025-02-24,597.21,50737207.0,43251782.0
2025-02-25,594.24,58266377.0,42647059.4
2025-02-26,594.54,43321577.0,42591472.15
2025-02-27,585.05,74196476.0,44442442.3
2025-02-28,594.18,88743732.0,46915571.8
2025-03-03,583.77,74249046.0,47294450.55
2025-03-04,576.86,109648192.0,49483997.75
2025-03-05,583.06,71230361.0,51372628.7
2025-03-06,572.71,80094865.0,53844716.5
2025-03-07,575.92,81158648.0,56114073.75
2025-03-10,560.58,99326158.0,58540956.9
2025-03-11,555.92,88102109.0,61643630.05
2025-03-12,558.87,69588167.0,63620212.25
2025-03-13,551.42,74079414.0,65070379.15
2025-03-14,562.81,62660316.0,66157331.9
2025-03-17,567.15,49008643.0,67262248.75
2025-03-18,561.02,66041421.0,69226869.35
2025-03-19,567.13,66555898.0,71004116.35
2025-03-20,565.49,62958079.0,72324320.2
2025-03-21,563.98,83762957.0,72686482.15
2025-03-24,574.08,58766722.0,73087957.9
2025-03-25,575.46,38355409.0,72092409.5
2025-03-26,568.59,52228896.0,72537775.45
2025-03-27,567.08,42164247.0,70936164.0
2025-03-28,555.66,71662599.0,70082107.35
2025-03-31,559.39,95328108.0,71136060.45
2025-04-01,560.97,54609616.0,68384131.65
2025-04-02,564.52,76014466.0,68623336.9
2025-04-03,536.7,125985779.0,70917882.6
2025-04-04,505.28,217965089.0,77758204.65
2025-04-07,504.38,256611286.0,85622461.05
2025-04-08,496.48,165816578.0,89508184.5
2025-04-09,548.62,241867172.0,98122134.75
2025-04-10,524.58,162331162.0,102534722.15
2025-04-11,533.94,97866334.0,104295023.05
2025-04-14,539.12,68033964.0,105246289.1
2025-04-15,537.61,56892874.0,104788861.75
2025-04-16,525.66,83484814.0,105635307.55
2025-04-17,526.41,79867996.0,106480803.4
2025-04-21,513.88,69368129.0,105761062.0
2025-04-22,527.25,75948106.0,106620131.2
2025-04-23,535.42,90590508.0,109231886.15
2025-04-24,546.69,64150414.0,109827962.05
2025-04-25,550.64,61119477.0,110775723.55
2025-04-28,550.85,47613753.0,109573281.25
2025-04-29,554.32,47775006.0,107195626.15
2025-04-30,554.54,93101197.0,109120205.2
2025-05-01,558.47,63186146.0,108478789.2
2025-05-02,566.76,60717260.0,105215363.25
2025-05-05,563.51,38659172.0,96250067.4
2025-05-06,558.8,48264708.0,85832738.5
2025-05-07,561.15,55733229.0,80328571.05
2025-05-08,565.06,65130756.0,71491750.25
2025-05-09,564.34,37603422.0,65255363.25
2025-05-12,582.99,78993570.0,64311725.05
2025-05-13,586.84,67947125.0,64307383.1
2025-05-14,587.59,66283521.0,64776915.45
2025-05-15,590.46,71268142.0,64166081.85
2025-05-16,594.2,76051953.0,63975279.7
2025-05-19,594.85,68168459.0,63915296.2
2025-05-20,592.85,60614492.0,63148615.5
2025-05-21,582.86,95197586.0,63378969.4
2025-05-22,583.09,70860039.0,63714450.65
2025-05-23,579.11,76029046.0,64459929.1
2025-05-27,591.15,72588475.0,65708665.2
2025-05-28,587.73,68445491.0,66742189.45
2025-05-29,590.05,70073750.0,65590817.1
2025-05-30,589.39,90601242.0,66961571.9
2025-06-02,592.71,61630488.0,67007233.3
2025-06-03,596.09,63606166.0,68254583.0
2025-06-04,595.93,57314095.0,68707052.35
2025-06-05,593.05,92436299.0,70542205.85
2025-06-06,599.14,66588743.0,70615105.2
2025-06-09,599.68,53016417.0,71385754.95
2025-06-10,603.08,66246753.0,70748414.1
2025-06-11,601.36,73657992.0,71033957.45
2025-06-12,603.75,64128787.0,70926220.75
2025-06-13,597.0,89505870.0,71838107.15
2025-06-16,602.68,79984120.0,72034715.5
2025-06-17,597.53,82209365.0,72736760.8
2025-06-18,597.44,76604929.0,73536282.65
2025-06-20,594.28,94051370.0,73478971.85
2025-06-23,600.15,87425947.0,74307267.25
2025-06-24,606.78,67735233.0,73892576.6
2025-06-25,607.12,62114766.0,73368891.15
2025-06-26,611.87,78548243.0,73874028.75
2025-06-27,614.91,86258389.0,74683260.7
2025-06-30,617.85,92502539.0,74778325.55
2025-07-01,617.65,70030049.0,75198303.6
2025-07-02,620.45,66510324.0,75343511.5
2025-07-03,625.36,48824715.0,74919042.5
2025-07-07,620.68,74814479.0,74037951.5
2025-07-08,620.34,59024506.0,73659739.65
2025-07-09,624.06,66113321.0,74314584.85
2025-07-10,625.82,57528960.0,73878695.2
2025-07-11,623.62,63670226.0,73379306.9
2025-07-14,624.81,51898408.0,72767787.95
2025-07-15,622.14,74317260.0,72008357.45
2025-07-16,624.22,88987454.0,72458524.15
2025-07-17,628.04,68885672.0,71792339.5
2025-07-18,627.58,65621645.0,71243175.3
2025-07-21,628.77,63374984.0,69709356.0
2025-07-22,628.86,60046288.0,68340373.05
2025-07-23,634.21,70510926.0,68479157.7
2025-07-24,634.42,71307134.0,68938776.1
2025-07-25,637.1,56865363.0,67854632.1
2025-07-28,636.94,54916942.0,66287559.75
2025-07-29,635.26,60556278.0,64690246.7
2025-07-30,634.46,80418783.0,65209683.4
2025-07-31,632.08,103385223.0,67053428.35
2025-08-01,621.72,140103345.0,71617359.85
2025-08-04,631.17,73218014.0,71537536.6
2025-08-05,627.97,68051320.0,71988877.3
2025-08-06,632.78,64357525.0,71901087.5
2025-08-07,632.25,74205791.0,72734929.05
2025-08-08,637.18,64051560.0,72753995.75
2025-08-11,635.92,58742261.0,73096188.4
2025-08-12,642.69,64821794.0,72621415.1
2025-08-13,644.89,60092779.0,71176681.35
2025-08-14,644.95,59327433.0,70698769.4
2025-08-15,643.44,68591830.0,70847278.65
2025-08-18,643.3,43804808.0,69868769.85
2025-08-19,639.81,69750731.0,70353992.0
2025-08-20,638.11,88890263.0,71272958.85
2025-08-21,635.55,54805775.0,70447890.9
2025-08-22,645.31,84083213.0,71808783.4
2025-08-25,642.47,51274304.0,71626651.5
2025-08-26,645.16,51581565.0,71177915.85
2025-08-27,646.63,48341045.0,69574028.95
2025-08-28,648.92,61519361.0,67480735.85
2025-08-29,645.05,74522155.0,64201676.35
2025-09-02,640.27,81983436.0,64639947.45
2025-09-03,643.74,70820814.0,64778422.15
2025-09-04,649.12,65219226.0,64821507.2
2025-09-05,647.24,85178915.0,65370163.4
2025-09-08,648.83,63133104.0,65324240.6
2025-09-09,650.33,66133818.0,65693818.45
2025-09-10,652.21,78034529.0,66354455.2
2025-09-11,657.63,69934259.0,66846529.2
2025-09-12,657.41,72779900.0,67519152.55
2025-09-15,660.91,63772412.0,67278181.65
2025-09-16,660.0,61168946.0,68146388.55
2025-09-17,659.18,101952241.0,69756464.05
2025-09-18,662.26,90459242.0,69834913.0
2025-09-19,663.7,97945616.0,71991905.05
2025-09-22,666.84,69452200.0,71260354.4
2025-09-23,663.21,81708871.0,72782082.75
2025-09-24,661.1,68082219.0,73607115.45
2025-09-25,658.05,89622067.0,75671166.55
2025-09-26,661.82,69179199.0,76054158.45
2025-09-29,663.68,73499015.0,76003001.45
2025-09-30,666.18,86288028.0,76218231.05
2025-10-01,668.45,72545367.0,76304458.7
2025-10-02,669.22,56895818.0,75888288.3
2025-10-03,669.21,70493961.0,75154040.6
2025-10-06,671.61,54623179.0,74728544.35
2025-10-07,669.12,72020067.0,75022856.8
2025-10-08,673.11,60702241.0,74156242.4
2025-10-09,671.16,66501790.0,73984618.95
2025-10-10,653.02,159422558.0,78316751.85
2025-10-13,663.04,79559970.0,79106129.75
2025-10-14,662.23,88779560.0,80486660.45
2025-10-15,665.17,81702481.0,79474172.45
2025-10-16,660.64,110563102.0,80479365.45
2025-10-17,664.39,96500866.0,80407127.95
2025-10-20,671.3,60493350.0,79959185.45
2025-10-21,671.29,56249033.0,78686193.55
2025-10-22,667.8,80563763.0,79310270.75
2025-10-23,671.76,65604461.0,78109390.45
2025-10-24,677.25,74356476.0,78368254.3
2025-10-27,685.24,63339773.0,77860292.2
2025-10-28,687.06,61738007.0,76632791.15
2025-10-29,687.39,85362140.0,77273629.8
2025-10-30,679.83,76335618.0,78245619.8
2025-10-31,682.06,87164022.0,79079122.85
2025-11-03,683.34,57315000.0,79213713.9
2025-11-04,675.24,78426969.0,79534059.0
2025-11-05,677.58,74402376.0,80219065.75
2025-11-06,670.31,85035298.0,81145741.15
2025-11-07,670.97,100592443.0,78204235.4
2025-11-10,681.44,75842854.0,78018379.6
2025-11-11,683.0,58953292.0,76527066.2
2025-11-12,683.38,62312455.0,75557564.9
2025-11-13,672.04,103457788.0,75202299.2
2025-11-14,671.93,96846672.0,75219589.5
2025-11-17,665.67,90456099.0,76717726.95
2025-11-18,660.08,114467459.0,79628648.25
2025-11-19,662.63,94702933.0,80335606.75
2025-11-20,652.53,165293521.0,85320059.75
2025-11-21,659.03,123956203.0,87800046.1
2025-11-24,668.73,80437940.0,88654954.45
2025-11-25,675.02,81077053.0,89621906.75
2025-11-26,679.68,71879588.0,88947779.15
2025-11-28,683.39,41730318.0,87217514.15
2025-12-01,680.27,61201191.0,85919372.6
2025-12-02,681.53,62953844.0,86201314.8
2025-12-03,683.89,57238481.0,85141890.4
2025-12-04,684.39,61970325.0,84520287.85
2025-12-05,685.69,79241044.0,84230575.15
2025-12-08,683.63,55231462.0,81962526.1
2025-12-09,683.04,58310035.0,81085885.15
2025-12-10,687.57,85671334.0,82421787.25
2025-12-11,689.17,86173678.0,83614848.4
2025-12-12,681.76,113160325.0,84099975.25
2025-12-15,680.73,90810951.0,83798189.2
2025-12-16,678.87,122030611.0,85376914.8
2025-12-17,671.4,110625197.0,85184801.7
2025-12-18,676.47,108650097.0,85882159.9
2025-12-19,680.59,103599542.0,82797460.95
2025-12-22,684.83,69556726.0,80077487.1
2025-12-23,687.96,64839915.0,79297585.85
2025-12-24,690.38,36521136.0,77069790.0
2025-12-26,690.31,41613347.0,75556477.95
2025-12-29,687.85,62559502.0,76597937.15
2025-12-30,687.01,47160671.0,75895911.15
2025-12-31,681.92,74144766.0,76455457.25
2026-01-02,683.17,89377203.0,78062393.35
2026-01-05,687.72,71927146.0,78560234.4
2026-01-06,691.81,69273822.0,78061873.3
2026-01-07,689.58,75588309.0,79079715.65
2026-01-08,689.51,64019179.0,79365172.85
2026-01-09,694.07,80125467.0,79087879.5
2026-01-12,695.16,63976002.0,77977995.7
2026-01-13,693.77,78309726.0,76235465.75
2026-01-14,690.36,94676684.0,76428752.4
2026-01-15,692.24,77861950.0,74220319.35
2026-01-16,691.66,79289198.0,72653519.4
2026-01-20,677.58,111623244.0,72802176.75
2026-01-21,685.4,127844466.0,74014422.95
2026-01-22,688.98,77112243.0,74392198.8
2026-01-23,689.23,63059569.0,74303181.5
2026-01-26,692.73,60473813.0,75500815.35
2026-01-27,695.49,55506114.0,76195453.7
2026-01-28,695.42,61172165.0,76126086.85
2026-01-29,694.04,97486183.0,78642362.45
2026-01-30,691.97,101835125.0,80026880.4
2026-02-02,695.41,79286494.0,79522344.95
2026-02-03,689.53,107904610.0,81321218.15
2026-02-04,686.19,105204594.0,83117756.75
2026-02-05,677.62,113610812.0,85018881.9
2026-02-06,690.62,89127564.0,86274301.15
2026-02-09,693.95,73885166.0,85962286.1
2026-02-10,692.12,65185725.0,86022772.25
2026-02-11,691.96,76353871.0,85924979.5
2026-02-12,681.27,118828920.0,87132591.3
2026-02-13,681.75,96267487.0,88052868.15
2026-02-17,682.85,81354657.0,88156141.1
2026-02-18,686.29,73570341.0,86253495.95
2026-02-19,684.48,58649363.0,82793740.8
2026-02-20,689.43,100033986.0,83939827.95
2026-02-23,682.39,90558086.0,85314753.8
2026-02-24,687.35,73798727.0,85980999.5
2026-02-25,693.15,56369479.0,86024167.75
2026-02-26,689.3,71670964.0,86549107.7
2026-02-27,685.99,83308836.0,85840240.35
2026-03-02,686.38,87477152.0,85122341.7
2026-03-03,680.33,105003102.0,86408172.1
2026-03-04,685.13,79182242.0,84972053.7
2026-03-05,681.31,106606464.0,85042147.2
2026-03-06,672.38,100686873.0,84395950.25
2026-03-09,678.27,102667705.0,85072957.3
2026-03-10,677.18,81505308.0,85453964.4
2026-03-11,676.33,68441667.0,85616761.5
2026-03-12,666.06,108882245.0,87243180.2
2026-03-13,662.29,97200233.0,86161745.85
2026-03-16,669.03,82023130.0,85449528.0
2026-03-17,670.79,87128039.0,85738197.1
2026-03-18,661.43,82062544.0,86162807.25
2026-03-19,659.8,111272539.0,88793966.05
2026-03-20,648.57,163617517.0,91973142.6
2026-03-23,655.38,134802732.0,94185374.9
2026-03-24,653.18,96457367.0,95318306.9
2026-03-25,656.82,90653787.0,97032522.3
2026-03-26,645.09,96494340.0,98273691.1
2026-03-27,634.09,103649368.0,99290717.7
2026-03-30,631.97,99275826.0,99880651.4
2026-03-31,650.34,152534095.0,102257201.05
2026-04-01,655.24,97841472.0,103190162.55
2026-04-02,655.83,68358713.0,101277775.0
2026-04-06,658.93,39105753.0,98198719.0
2026-04-07,659.22,69980362.0,96564351.85
2026-04-08,676.01,93606093.0,97169391.1
2026-04-09,679.91,57134412.0,96604028.35
2026-04-10,679.46,42253433.0,93272587.75
2026-04-13,686.1,54185819.0,91121867.05
2026-04-14,694.46,63480529.0,90194737.0
2026-04-15,699.94,58240384.0,88750354.25
2026-04-16,701.66,49972351.0,87145844.6
2026-04-17,710.14,70661918.0,85115313.55
2026-04-20,708.72,43546812.0,79111778.3
2026-04-21,704.08,58941384.0,75318710.9
2026-04-22,711.21,42518492.0,72621767.15
2026-04-23,708.45,56173990.0,70897777.3
2026-04-24,713.94,45181957.0,68332158.15
2026-04-27,715.17,33135923.0,64806485.9
2026-04-28,711.69,43117433.0,61998566.25
2026-04-29,711.58,41859189.0,56464820.95
2026-04-30,718.66,67240949.0,54934794.8
2026-05-01,720.65,43049766.0,53669347.45
2026-05-04,718.01,51950558.0,54311587.7
2026-05-05,723.77,36933147.0,52659226.95
2026-05-06,733.83,53288914.0,50643368.0
2026-05-07,731.58,51724630.0,50372878.9
