date,vix,open,high,low
2021-05-10,19.66,17.34,19.75,17.07
2021-05-11,21.84,21.17,23.73,20.71
2021-05-12,27.59,22.42,28.38,21.66
2021-05-13,23.13,26.03,28.93,22.23
2021-05-14,18.81,21.77,22.1,18.66
2021-05-17,19.72,19.89,21.58,19.67
2021-05-18,21.34,18.89,21.45,18.81
2021-05-19,22.18,22.46,25.96,21.88
2021-05-20,20.67,22.33,23.5,20.19
2021-05-21,20.15,20.42,20.89,19.53
2021-05-24,18.4,20.5,20.51,18.38
2021-05-25,18.84,18.35,19.29,16.87
2021-05-26,17.36,18.37,18.92,17.35
2021-05-27,16.74,18.03,18.17,16.52
2021-05-28,16.76,16.8,16.86,15.9
2021-06-01,17.9,17.24,18.53,15.68
2021-06-02,17.48,17.86,18.31,16.74
2021-06-03,18.04,17.73,19.27,17.45
2021-06-04,16.42,18.09,18.42,16.18
2021-06-07,16.42,17.34,17.35,15.78
2021-06-08,17.07,16.58,17.75,15.15
2021-06-09,17.89,17.18,17.96,15.55
2021-06-10,16.1,18.18,18.29,16.01
2021-06-11,15.65,16.18,16.2,15.15
2021-06-14,16.39,16.04,17.04,15.04
2021-06-15,17.02,16.27,17.35,16.14
2021-06-16,18.15,16.99,19.11,16.42
2021-06-17,17.75,18.49,19.22,16.71
2021-06-18,20.7,16.96,21.04,16.92
2021-06-21,17.89,21.74,21.82,17.81
2021-06-22,16.66,17.91,18.32,15.76
2021-06-23,16.32,16.25,16.84,14.86
2021-06-24,15.97,15.99,16.05,14.19
2021-06-25,15.62,16.04,16.17,15.21
2021-06-28,15.76,16.07,16.46,15.39
2021-06-29,16.02,15.69,16.31,14.1
2021-06-30,15.83,16.18,17.31,15.58
2021-07-01,15.48,15.62,16.01,15.31
2021-07-02,15.07,15.53,15.54,14.25
2021-07-06,16.44,15.77,17.94,15.73
2021-07-07,16.2,16.43,17.64,16.08
2021-07-08,19.0,17.74,21.29,17.74
2021-07-09,16.18,17.88,18.13,16.08
2021-07-12,16.17,16.85,17.52,16.14
2021-07-13,17.12,16.39,17.23,15.94
2021-07-14,16.33,17.34,17.51,15.95
2021-07-15,17.01,16.7,18.09,16.56
2021-07-16,18.45,16.8,18.7,16.03
2021-07-19,22.5,19.61,25.09,19.27
2021-07-20,19.73,20.89,22.97,19.37
2021-07-21,17.91,19.73,19.82,17.81
2021-07-22,17.69,17.59,18.45,17.4
2021-07-23,17.2,16.98,17.48,16.33
2021-07-26,17.58,18.67,19.39,17.53
2021-07-27,19.36,18.62,20.44,18.25
2021-07-28,18.31,19.41,19.62,17.52
2021-07-29,17.7,17.91,18.01,17.19
2021-07-30,18.24,19.69,19.72,17.53
2021-08-02,19.46,18.16,19.87,17.99
2021-08-03,18.04,19.17,20.44,17.7
2021-08-04,17.97,18.23,18.9,17.67
2021-08-05,17.28,17.73,17.84,17.23
2021-08-06,16.15,17.46,17.5,16.14
2021-08-09,16.72,17.12,17.39,16.59
2021-08-10,16.79,16.82,17.05,16.34
2021-08-11,16.06,16.81,17.09,15.87
2021-08-12,15.59,16.33,16.42,15.49
2021-08-13,15.45,15.68,15.72,15.19
2021-08-16,16.12,17.05,17.71,16.02
2021-08-17,17.91,17.31,19.56,16.71
2021-08-18,21.57,17.56,21.64,17.31
2021-08-19,21.67,23.12,24.74,20.37
2021-08-20,18.56,22.74,23.9,18.18
2021-08-23,17.15,18.83,18.95,16.95
2021-08-24,17.22,16.96,17.51,16.94
2021-08-25,16.79,17.42,17.5,16.46
2021-08-26,18.84,17.46,19.27,17.16
2021-08-27,16.39,17.95,18.22,16.11
2021-08-30,16.19,16.77,16.8,15.98
2021-08-31,16.48,15.98,17.07,15.91
2021-09-01,16.11,16.06,16.71,15.68
2021-09-02,16.41,16.27,16.98,15.73
2021-09-03,16.41,16.27,17.06,16.08
2021-09-07,18.14,16.94,18.39,16.89
2021-09-08,17.96,18.97,19.64,17.78
2021-09-09,18.8,19.44,19.54,17.17
2021-09-10,20.95,17.94,21.13,16.99
2021-09-13,19.37,19.64,21.18,18.76
2021-09-14,19.46,19.58,20.47,18.39
2021-09-15,18.18,19.3,20.27,18.01
2021-09-16,18.69,18.41,19.76,17.65
2021-09-17,20.81,18.37,21.51,18.35
2021-09-20,25.71,24.25,28.79,23.9
2021-09-21,24.36,23.41,25.6,21.71
2021-09-22,20.87,22.72,23.4,20.75
2021-09-23,18.63,19.91,20.21,18.42
2021-09-24,17.75,19.33,20.41,17.63
2021-09-27,18.76,17.78,19.32,17.74
2021-09-28,23.25,19.74,24.82,19.71
2021-09-29,22.56,22.07,23.79,21.45
2021-09-30,23.14,21.48,24.71,20.6
2021-10-01,21.15,24.78,24.89,20.64
2021-10-04,22.96,22.9,24.58,21.88
2021-10-05,21.3,22.92,23.17,20.62
2021-10-06,21.0,22.95,24.4,20.99
2021-10-07,19.54,20.54,20.76,19.07
2021-10-08,18.77,19.46,19.94,18.2
2021-10-11,20.0,19.93,20.45,18.11
2021-10-12,19.85,20.62,20.81,18.97
2021-10-13,18.64,20.14,20.23,18.44
2021-10-14,16.86,18.01,18.08,16.8
2021-10-15,16.3,16.64,16.85,15.72
2021-10-18,16.31,17.29,17.93,16.27
2021-10-19,15.7,16.09,16.31,15.57
2021-10-20,15.49,15.82,15.89,15.29
2021-10-21,15.01,16.06,16.11,14.92
2021-10-22,15.43,15.35,16.39,14.84
2021-10-25,15.24,16.14,16.33,15.1
2021-10-26,15.98,15.02,16.71,14.9
2021-10-27,16.98,15.79,17.29,15.54
2021-10-28,16.53,17.06,17.16,16.23
2021-10-29,16.26,17.4,18.06,16.13
2021-11-01,16.41,16.85,17.7,16.32
2021-11-02,16.03,16.54,16.65,15.89
2021-11-03,15.1,16.11,16.39,14.9
2021-11-04,15.44,15.06,16.14,14.73
2021-11-05,16.48,15.59,17.02,14.95
2021-11-08,17.22,17.23,17.69,16.44
2021-11-09,17.78,17.43,18.57,17.21
2021-11-10,18.73,17.74,19.9,17.22
2021-11-11,17.66,18.34,18.39,17.27
2021-11-12,16.29,17.49,17.69,16.15
2021-11-15,16.49,17.03,17.46,16.49
2021-11-16,16.37,16.86,17.08,16.03
2021-11-17,17.11,16.36,17.19,16.28
2021-11-18,17.59,16.81,18.15,16.38
2021-11-19,17.91,17.36,19.01,17.23
2021-11-22,19.17,18.2,19.59,17.35
2021-11-23,19.38,20.24,20.91,19.03
2021-11-24,18.58,19.17,20.96,18.52
2021-11-26,28.62,26.62,28.99,23.88
2021-11-29,22.96,25.31,25.69,21.71
2021-11-30,27.19,26.23,28.56,23.71
2021-12-01,31.12,24.92,32.61,22.38
2021-12-02,27.95,29.44,30.68,27.15
2021-12-03,30.67,26.95,35.32,25.89
2021-12-06,27.18,28.99,30.82,26.75
2021-12-07,21.89,24.58,24.69,21.58
2021-12-08,19.9,21.74,23.11,19.85
2021-12-09,21.58,20.31,22.12,19.94
2021-12-10,18.69,21.27,21.3,18.69
2021-12-13,20.31,19.29,21.18,18.96
2021-12-14,21.89,19.67,23.0,19.67
2021-12-15,19.29,21.6,23.47,19.02
2021-12-16,20.57,18.56,22.13,18.19
2021-12-17,21.57,20.7,23.26,20.49
2021-12-20,22.87,25.89,27.39,22.85
2021-12-21,21.01,22.28,22.68,20.9
2021-12-22,18.63,21.04,21.36,18.59
2021-12-23,17.96,18.81,18.93,17.62
2021-12-27,17.68,19.37,19.41,17.55
2021-12-28,17.54,17.78,18.47,17.51
2021-12-29,16.95,17.63,18.0,16.71
2021-12-30,17.33,17.3,17.79,16.62
2021-12-31,17.22,17.63,18.27,16.99
2022-01-03,16.6,17.6,18.54,16.56
2022-01-04,16.91,16.57,17.81,16.34
2022-01-05,19.73,17.07,20.17,16.58
2022-01-06,19.61,20.29,21.06,19.08
2022-01-07,18.76,19.85,20.8,18.57
2022-01-10,19.4,19.58,23.33,19.29
2022-01-11,18.41,19.62,21.0,18.2
2022-01-12,17.62,18.17,18.69,17.36
2022-01-13,20.31,18.06,20.61,17.45
2022-01-14,19.19,20.11,22.07,19.05
2022-01-18,22.79,21.18,23.2,21.18
2022-01-19,23.85,23.12,23.99,21.85
2022-01-20,25.59,23.46,25.89,21.68
2022-01-21,28.85,25.38,29.79,25.31
2022-01-24,29.9,28.2,38.94,28.02
2022-01-25,31.16,32.29,35.85,29.13
2022-01-26,31.96,29.35,33.04,26.9
2022-01-27,30.49,32.19,33.0,28.42
2022-01-28,27.66,30.27,32.82,27.28
2022-01-31,24.83,28.36,29.41,24.71
2022-02-01,21.96,24.57,25.33,21.96
2022-02-02,22.09,21.56,22.73,20.46
2022-02-03,24.35,22.63,25.81,22.3
2022-02-04,23.22,23.77,26.26,22.07
2022-02-07,22.86,24.09,24.82,22.02
2022-02-08,21.44,23.09,23.48,21.32
2022-02-09,19.96,21.27,21.3,19.93
2022-02-10,23.91,20.37,24.77,20.18
2022-02-11,27.36,24.39,30.99,23.33
2022-02-14,28.33,29.17,32.04,28.33
2022-02-15,25.7,28.09,28.09,25.33
2022-02-16,24.29,25.19,27.09,23.88
2022-02-17,28.11,24.83,28.37,24.76
2022-02-18,27.75,26.66,29.71,26.38
2022-02-22,28.81,31.8,32.04,28.4
2022-02-23,31.02,28.04,31.07,27.2
2022-02-24,30.32,37.5,37.79,29.45
2022-02-25,27.59,31.68,32.0,26.93
2022-02-28,30.15,32.44,33.51,28.43
2022-03-01,33.32,29.45,35.19,29.44
2022-03-02,30.74,34.2,34.41,30.12
2022-03-03,30.48,30.52,32.01,29.31
2022-03-04,31.98,31.9,34.65,31.47
2022-03-07,36.45,35.88,36.55,32.59
2022-03-08,35.13,36.19,37.52,32.78
2022-03-09,32.45,33.74,34.12,31.39
2022-03-10,30.23,33.03,34.03,30.23
2022-03-11,30.75,30.43,31.04,28.84
2022-03-14,31.77,31.03,33.18,30.06
2022-03-15,29.83,33.13,33.83,29.57
2022-03-16,26.67,29.02,29.8,26.29
2022-03-17,25.67,26.51,27.47,25.25
2022-03-18,23.87,26.36,26.82,23.85
2022-03-21,23.53,25.14,25.36,22.99
2022-03-22,22.94,24.02,24.02,22.7
2022-03-23,23.57,23.04,24.03,22.64
2022-03-24,21.67,23.61,23.79,21.49
2022-03-25,20.81,21.87,22.86,20.8
2022-03-28,19.63,22.14,23.33,19.54
2022-03-29,18.9,19.7,19.73,18.67
2022-03-30,19.33,19.38,20.51,18.72
2022-03-31,20.56,19.68,21.48,19.54
2022-04-01,19.63,20.62,20.86,19.41
2022-04-04,18.57,20.75,20.78,18.45
2022-04-05,21.03,18.79,21.57,18.55
2022-04-06,22.1,21.27,24.78,21.24
2022-04-07,21.55,21.97,23.82,21.12
2022-04-08,21.16,21.25,22.34,20.28
2022-04-11,24.37,23.09,24.42,22.09
2022-04-12,24.26,24.94,25.38,22.27
2022-04-13,21.82,23.52,24.45,21.37
2022-04-14,22.7,21.72,22.7,20.85
2022-04-18,22.17,24.52,24.6,21.98
2022-04-19,21.37,22.55,22.92,20.36
2022-04-20,20.32,21.13,21.32,19.75
2022-04-21,22.68,20.24,23.28,19.81
2022-04-22,28.21,22.71,28.27,22.62
2022-04-25,27.02,30.04,31.6,26.8
2022-04-26,33.52,27.38,33.81,27.06
2022-04-27,31.6,31.11,32.77,29.82
2022-04-28,29.99,29.91,32.0,28.0
2022-04-29,33.4,28.97,34.34,28.54
2022-05-02,32.34,33.35,36.64,31.74
2022-05-03,29.25,31.76,32.82,29.06
2022-05-04,25.42,29.12,29.42,24.94
2022-05-05,31.2,25.97,33.2,25.78
2022-05-06,30.19,32.23,35.34,29.83
2022-05-09,34.75,31.9,35.48,31.9
2022-05-10,32.99,33.66,34.84,32.24
2022-05-11,32.56,32.87,34.39,30.69
2022-05-12,31.77,33.74,34.76,31.7
2022-05-13,28.87,31.09,31.2,28.78
2022-05-16,27.47,30.01,30.23,27.36
2022-05-17,26.1,27.07,27.17,25.51
2022-05-18,30.96,26.74,31.49,26.21
2022-05-19,29.35,31.24,33.11,29.06
2022-05-20,29.43,28.78,32.91,28.06
2022-05-23,28.48,28.98,30.39,28.29
2022-05-24,29.45,29.43,31.07,29.04
2022-05-25,28.37,29.33,30.23,28.16
2022-05-26,27.5,28.42,28.46,27.11
2022-05-27,25.72,27.5,27.54,25.57
2022-05-30,26.54,26.16,26.81,26.08
2022-05-31,26.19,27.47,28.35,25.94
2022-06-01,25.69,26.05,27.73,25.38
2022-06-02,24.72,25.73,26.5,24.33
2022-06-03,24.79,24.91,25.96,24.76
2022-06-06,25.07,25.37,25.81,24.82
2022-06-07,24.02,25.54,26.24,23.88
2022-06-08,23.96,24.37,24.78,23.74
2022-06-09,26.09,24.29,26.24,23.82
2022-06-10,27.75,26.26,29.63,26.05
2022-06-13,34.02,31.37,35.05,31.29
2022-06-14,32.69,33.01,34.0,32.06
2022-06-15,29.62,32.39,32.77,27.76
2022-06-16,32.95,30.35,34.82,30.35
2022-06-17,31.13,32.84,33.31,30.47
2022-06-20,31.03,32.06,32.16,30.98
2022-06-21,30.19,30.63,30.65,29.33
2022-06-22,28.95,31.45,31.57,28.78
2022-06-23,29.05,29.29,29.77,28.74
2022-06-24,27.23,29.07,29.72,26.83
2022-06-27,26.95,28.3,28.66,26.93
2022-06-28,28.36,26.9,28.68,26.47
2022-06-29,28.16,28.8,29.36,27.85
2022-06-30,28.71,29.42,30.22,28.28
2022-07-01,26.7,29.53,29.59,26.69
2022-07-04,27.53,27.96,28.1,27.46
2022-07-05,27.54,27.37,29.82,27.3
2022-07-06,26.73,27.84,28.07,26.43
2022-07-07,26.08,26.73,26.79,25.66
2022-07-08,24.64,26.41,26.61,24.43
2022-07-11,26.17,26.42,26.74,25.79
2022-07-12,27.29,27.14,27.75,25.82
2022-07-13,26.82,27.35,29.06,26.23
2022-07-14,26.4,27.47,28.45,26.2
2022-07-15,24.23,26.72,26.72,24.13
2022-07-18,25.3,24.83,25.91,24.38
2022-07-19,24.5,25.12,25.41,24.23
2022-07-20,23.88,24.23,24.73,23.4
2022-07-21,23.11,24.07,24.67,22.92
2022-07-22,23.03,23.3,23.81,22.41
2022-07-25,23.36,24.33,24.57,23.19
2022-07-26,24.69,23.95,25.31,23.82
2022-07-27,23.24,24.27,24.41,23.02
2022-07-28,22.33,23.33,23.54,22.22
2022-07-29,21.33,22.13,22.16,21.21
2022-08-01,22.84,22.41,23.27,22.26
2022-08-02,23.93,24.08,24.68,22.67
2022-08-03,21.95,23.86,23.92,21.68
2022-08-04,21.44,22.06,22.66,21.44
2022-08-05,21.15,21.5,22.58,20.76
2022-08-08,21.29,21.74,22.01,20.83
2022-08-09,21.77,21.41,22.23,21.41
2022-08-10,19.74,22.28,22.34,19.54
2022-08-11,20.2,19.84,20.85,19.71
2022-08-12,19.53,20.34,20.35,19.12
2022-08-15,19.95,20.74,21.16,19.81
2022-08-16,19.69,20.23,20.39,19.5
2022-08-17,19.9,19.74,20.63,19.41
2022-08-18,19.56,20.51,20.61,19.43
2022-08-19,20.6,20.16,21.27,20.08
2022-08-22,23.8,22.41,24.62,22.39
2022-08-23,24.11,24.13,24.21,23.07
2022-08-24,22.82,24.37,24.86,22.73
2022-08-25,21.78,22.41,23.13,21.77
2022-08-26,25.56,22.07,25.9,21.67
2022-08-29,26.21,26.86,27.67,25.47
2022-08-30,26.21,25.75,27.69,25.13
2022-08-31,25.87,25.86,26.62,25.31
2022-09-01,25.56,26.88,27.45,25.25
2022-09-02,25.47,25.51,26.28,23.19
2022-09-05,25.99,26.51,26.85,25.84
2022-09-06,26.91,25.46,27.8,25.33
2022-09-07,24.64,26.93,27.15,24.54
2022-09-08,23.61,24.7,25.9,23.56
2022-09-09,22.79,23.49,23.57,22.64
2022-09-12,23.87,23.58,24.23,23.16
2022-09-13,27.27,23.67,28.15,23.53
2022-09-14,26.16,26.73,27.56,26.16
2022-09-15,26.27,26.1,26.93,25.42
2022-09-16,26.3,27.47,28.45,26.14
2022-09-19,25.76,27.69,27.95,25.56
2022-09-20,27.16,25.65,27.81,25.61
2022-09-21,27.99,28.03,30.18,25.55
2022-09-22,27.35,28.16,28.38,26.71
2022-09-23,29.92,27.68,32.31,27.58
2022-09-26,32.26,31.74,32.88,29.83
2022-09-27,32.6,31.2,34.14,30.3
2022-09-28,30.18,34.5,34.88,30.03
2022-09-29,31.84,31.67,33.46,31.16
2022-09-30,31.62,31.61,33.25,29.39
2022-10-03,30.1,33.0,33.06,29.63
2022-10-04,29.07,29.52,29.62,28.56
2022-10-05,28.55,29.36,30.11,28.5
2022-10-06,30.52,28.6,30.74,28.56
2022-10-07,31.36,30.37,32.02,29.88
2022-10-10,32.45,32.93,33.99,32.05
2022-10-11,33.63,33.56,34.43,32.45
2022-10-12,33.57,33.54,34.53,33.11
2022-10-13,31.94,33.6,33.87,31.63
2022-10-14,32.02,31.89,32.98,31.14
2022-10-17,31.37,32.27,32.59,30.7
2022-10-18,30.5,31.1,31.93,30.42
2022-10-19,30.76,30.94,31.9,30.76
2022-10-20,29.98,31.3,31.32,29.76
2022-10-21,29.69,30.21,30.44,29.24
2022-10-24,29.85,30.65,30.95,29.78
2022-10-25,28.46,29.8,30.0,28.22
2022-10-26,27.28,28.44,28.52,27.27
2022-10-27,27.39,27.51,27.67,26.94
2022-10-28,25.75,27.43,27.59,25.75
2022-10-31,25.88,26.91,27.07,25.84
2022-11-01,25.81,25.96,26.35,25.66
2022-11-02,25.86,26.04,26.62,25.39
2022-11-03,25.3,25.98,26.87,25.1
2022-11-04,24.55,25.63,25.71,24.0
2022-11-07,24.35,25.67,25.67,24.34
2022-11-08,25.54,24.71,26.16,24.24
2022-11-09,26.09,25.34,26.35,25.02
2022-11-10,23.53,26.51,26.59,22.84
2022-11-11,22.52,23.89,23.91,22.37
2022-11-14,23.73,23.99,24.33,22.86
2022-11-15,24.54,23.77,26.22,23.18
2022-11-16,24.11,24.29,24.72,23.99
2022-11-17,23.93,24.05,25.18,23.81
2022-11-18,23.12,24.03,24.12,22.98
2022-11-21,22.36,24.05,24.12,22.3
2022-11-22,21.29,22.59,22.71,21.28
2022-11-23,20.35,21.49,21.78,20.32
2022-11-24,20.42,20.5,20.54,20.31
2022-11-25,20.5,20.61,21.11,20.46
2022-11-28,22.21,22.09,22.5,21.65
2022-11-29,21.89,22.09,22.57,21.83
2022-11-30,20.58,21.7,22.63,20.31
2022-12-01,19.84,20.83,21.06,19.8
2022-12-02,19.06,20.42,20.96,18.95
2022-12-05,20.75,20.3,21.29,19.78
2022-12-06,22.17,20.69,22.6,20.38
2022-12-07,22.68,22.32,23.01,22.18
2022-12-08,22.29,22.81,23.28,22.06
2022-12-09,22.83,22.55,23.21,22.18
2022-12-12,25.0,24.4,25.05,24.18
2022-12-13,22.55,25.24,25.84,21.46
2022-12-14,21.14,22.83,23.47,21.07
2022-12-15,22.83,21.52,23.67,21.25
2022-12-16,22.62,23.26,23.83,22.09
2022-12-19,22.42,22.63,22.86,21.61
2022-12-20,21.48,23.17,23.39,21.35
2022-12-21,20.07,21.25,21.29,19.94
2022-12-22,21.97,20.08,24.3,20.01
2022-12-23,20.87,22.17,22.64,20.78
2022-12-27,21.65,21.67,22.8,21.59
2022-12-28,22.14,21.47,22.26,20.96
2022-12-29,21.44,22.25,22.31,21.36
2022-12-30,21.67,21.83,22.4,21.59
2023-01-03,22.9,23.09,23.76,22.73
2023-01-04,22.01,22.93,23.27,21.94
2023-01-05,22.46,22.2,22.92,21.97
2023-01-06,21.13,22.69,22.9,21.0
2023-01-09,21.97,21.75,21.98,21.27
2023-01-10,20.58,22.22,22.46,20.58
2023-01-11,21.09,20.8,21.25,20.62
2023-01-12,18.83,21.56,21.8,18.83
2023-01-13,18.35,19.0,19.41,18.01
2023-01-16,19.49,19.44,19.63,19.41
2023-01-17,19.36,19.89,20.22,19.21
2023-01-18,20.34,19.28,20.58,18.71
2023-01-19,20.52,20.43,21.71,20.17
2023-01-20,19.85,20.28,20.7,19.41
2023-01-23,19.81,20.21,20.33,19.55
2023-01-24,19.2,19.89,20.47,18.91
2023-01-25,19.08,19.56,20.9,18.99
2023-01-26,18.73,19.05,19.48,18.67
2023-01-27,18.51,18.9,19.0,17.97
2023-01-30,19.94,19.76,20.25,19.54
2023-01-31,19.4,20.12,20.7,19.13
2023-02-01,17.87,19.62,20.04,17.7
2023-02-02,18.73,17.74,19.25,17.06
2023-02-03,18.33,18.57,19.3,17.93
2023-02-06,19.43,19.23,19.81,19.21
2023-02-07,18.66,19.54,19.99,18.43
2023-02-08,19.63,18.88,20.12,18.55
2023-02-09,20.71,19.24,21.08,19.02
2023-02-10,20.53,20.74,21.94,20.44
2023-02-13,20.34,21.66,21.69,20.33
2023-02-14,18.91,20.72,20.75,18.48
2023-02-15,18.23,19.37,19.41,18.11
2023-02-16,20.17,18.26,20.27,18.23
2023-02-17,20.02,20.94,21.3,19.82
2023-02-20,21.23,21.06,21.28,20.96
2023-02-21,22.87,21.8,23.34,21.8
2023-02-22,22.29,23.03,23.63,22.02
2023-02-23,21.14,21.96,22.43,20.89
2023-02-24,21.67,21.35,22.9,21.32
2023-02-27,20.95,21.99,22.02,20.68
2023-02-28,20.7,21.3,21.37,20.1
2023-03-01,20.58,20.39,21.32,20.22
2023-03-02,19.59,21.41,21.42,19.55
2023-03-03,18.49,19.76,19.76,18.16
2023-03-06,18.61,19.05,19.19,18.49
2023-03-07,19.59,18.64,19.74,18.51
2023-03-08,19.11,19.71,20.01,19.0
2023-03-09,22.61,19.33,23.14,18.88
2023-03-10,24.8,23.34,28.97,21.79
2023-03-13,26.52,24.05,30.81,23.85
2023-03-14,23.73,26.85,27.24,22.27
2023-03-15,26.14,23.21,29.91,23.19
2023-03-16,22.99,26.19,27.49,22.97
2023-03-17,25.51,22.92,26.14,22.58
2023-03-20,24.15,27.77,28.91,24.0
2023-03-21,21.38,24.16,24.16,21.29
2023-03-22,22.26,21.8,22.38,19.94
2023-03-23,22.61,21.54,24.91,20.16
2023-03-24,21.74,22.11,25.21,21.6
2023-03-27,20.6,22.05,22.93,20.57
2023-03-28,19.97,20.53,21.4,19.91
2023-03-29,19.12,19.39,19.45,19.09
2023-03-30,19.02,19.12,20.08,18.85
2023-03-31,18.7,19.21,19.43,18.52
2023-04-03,18.55,19.79,19.83,18.54
2023-04-04,19.0,18.79,20.03,18.58
2023-04-05,19.08,19.42,20.08,19.0
2023-04-06,18.4,19.3,19.88,18.35
2023-04-10,18.97,19.39,20.05,18.93
2023-04-11,19.1,19.08,19.28,18.56
2023-04-12,19.09,19.38,19.98,18.25
2023-04-13,17.8,18.83,19.06,17.77
2023-04-14,17.07,17.94,18.12,17.07
2023-04-17,16.95,17.58,17.79,16.9
2023-04-18,16.83,16.94,17.34,16.58
2023-04-19,16.46,17.3,17.72,16.17
2023-04-20,17.17,16.85,17.69,16.33
2023-04-21,16.77,17.51,17.71,16.58
2023-04-24,16.89,18.22,18.24,16.74
2023-04-25,18.76,17.62,19.86,17.33
2023-04-26,18.84,18.66,19.61,17.87
2023-04-27,17.03,18.43,18.43,16.72
2023-04-28,15.78,17.21,17.65,15.72
2023-05-01,16.08,16.41,16.62,15.53
2023-05-02,17.78,16.27,19.81,16.26
2023-05-03,18.34,17.82,18.83,17.19
2023-05-04,20.09,19.17,21.33,18.67
2023-05-05,17.19,19.5,19.63,16.69
2023-05-08,16.98,17.73,17.88,16.83
2023-05-09,17.71,17.29,17.86,17.22
2023-05-10,16.94,17.58,18.31,16.36
2023-05-11,16.93,16.8,18.19,16.63
2023-05-12,17.03,16.83,17.92,16.38
2023-05-15,17.12,17.44,18.16,17.08
2023-05-16,17.99,17.54,18.3,17.26
2023-05-17,16.87,17.96,18.26,16.68
2023-05-18,16.05,16.92,17.15,16.05
2023-05-19,16.81,16.13,17.36,15.85
2023-05-22,17.21,17.45,18.13,16.82
2023-05-23,18.53,17.35,19.31,17.3
2023-05-24,20.03,18.8,20.81,18.8
2023-05-25,19.14,19.54,19.95,18.7
2023-05-26,17.95,19.07,19.56,17.27
2023-05-29,17.46,17.53,17.6,17.34
2023-05-30,17.46,17.56,18.34,16.98
2023-05-31,17.94,18.04,18.4,17.12
2023-06-01,15.65,17.24,17.59,15.58
2023-06-02,14.6,15.65,15.65,14.42
2023-06-05,14.73,15.28,15.29,14.66
2023-06-06,13.96,14.91,14.97,13.95
2023-06-07,13.94,14.14,14.29,13.77
2023-06-08,13.65,14.14,14.21,13.53
2023-06-09,13.83,13.78,14.14,13.5
2023-06-12,15.01,14.44,15.02,14.32
2023-06-13,14.61,14.99,15.06,14.47
2023-06-14,13.88,14.48,14.73,13.83
2023-06-15,14.5,14.09,14.52,13.79
2023-06-16,13.54,14.49,14.54,13.48
2023-06-19,14.19,14.09,14.19,14.01
2023-06-20,13.88,14.36,14.67,13.86
2023-06-21,13.2,13.88,13.89,13.1
2023-06-22,12.91,13.88,13.98,12.73
2023-06-23,13.44,13.24,13.8,12.88
2023-06-26,14.25,14.43,14.71,13.78
2023-06-27,13.74,14.11,14.34,13.59
2023-06-28,13.43,13.9,13.96,13.36
2023-06-29,13.54,13.64,13.85,13.41
2023-06-30,13.59,13.51,13.59,12.96
2023-07-03,13.57,13.85,13.85,13.47
2023-07-04,13.7,13.54,13.71,13.52
2023-07-05,14.18,14.19,14.74,14.05
2023-07-06,15.44,14.85,17.08,14.79
2023-07-07,14.83,15.97,16.06,14.33
2023-07-10,15.07,16.08,16.21,15.04
2023-07-11,14.84,15.02,15.25,14.63
2023-07-12,13.54,14.82,14.82,13.51
2023-07-13,13.61,13.44,13.61,13.12
2023-07-14,13.34,13.72,13.76,13.22
2023-07-17,13.48,13.78,14.0,13.43
2023-07-18,13.3,13.61,13.67,13.29
2023-07-19,13.76,13.32,13.84,13.12
2023-07-20,13.99,13.96,14.23,13.58
2023-07-21,13.6,13.87,13.89,13.37
2023-07-24,13.91,14.29,14.3,13.73
2023-07-25,13.86,14.02,14.09,13.82
2023-07-26,13.19,13.86,14.16,13.15
2023-07-27,14.41,13.14,15.02,12.74
2023-07-28,13.33,14.03,14.18,13.27
2023-07-31,13.63,13.98,14.09,13.57
2023-08-01,13.93,13.75,14.3,13.75
2023-08-02,16.09,15.7,16.48,14.95
2023-08-03,15.92,16.77,17.42,15.72
2023-08-04,17.1,16.01,17.39,14.57
2023-08-07,15.77,16.9,17.36,15.77
2023-08-08,15.99,16.28,18.14,15.96
2023-08-09,15.96,15.81,16.87,15.38
2023-08-10,15.85,15.58,16.86,14.6
2023-08-11,14.84,15.53,16.51,14.84
2023-08-14,14.82,15.88,16.06,14.77
2023-08-15,16.46,14.95,16.57,14.91
2023-08-16,16.78,16.54,16.93,15.8
2023-08-17,17.89,16.96,18.13,16.4
2023-08-18,17.3,17.8,18.88,17.14
2023-08-21,17.13,18.03,18.11,16.88
2023-08-22,16.97,16.96,17.58,16.61
2023-08-23,15.98,16.64,17.1,15.91
2023-08-24,17.2,15.57,17.32,15.48
2023-08-25,15.68,17.21,17.36,15.45
2023-08-28,15.08,16.24,16.28,15.0
2023-08-29,14.45,15.08,15.3,14.34
2023-08-30,13.88,14.53,14.7,13.83
2023-08-31,13.57,13.98,14.0,13.44
2023-09-01,13.09,13.56,13.56,13.02
2023-09-04,13.82,13.62,13.82,13.51
2023-09-05,14.01,14.15,14.47,13.7
2023-09-06,14.45,14.27,15.3,14.13
2023-09-07,14.4,14.81,15.69,14.4
2023-09-08,13.84,14.22,14.87,13.58
2023-09-11,13.8,14.17,14.33,13.74
2023-09-12,14.23,14.02,14.42,13.71
2023-09-13,13.48,14.42,14.68,13.41
2023-09-14,12.82,13.39,13.46,12.79
2023-09-15,13.79,12.7,14.17,12.68
2023-09-18,14.0,14.4,14.75,13.86
2023-09-19,14.11,14.11,14.88,13.86
2023-09-20,15.14,14.18,15.15,13.57
2023-09-21,17.54,15.49,17.54,15.1
2023-09-22,17.2,17.31,17.41,15.93
2023-09-25,16.9,17.25,18.41,16.79
2023-09-26,18.94,18.03,19.5,17.17
2023-09-27,18.22,18.29,19.71,18.03
2023-09-28,17.34,18.22,18.77,17.06
2023-09-29,17.52,16.87,17.74,15.83
2023-10-02,17.61,17.31,18.55,16.93
2023-10-03,19.78,17.81,20.48,17.52
2023-10-04,18.58,20.72,20.88,18.3
2023-10-05,18.49,18.67,19.58,18.26
2023-10-06,17.45,18.73,19.93,17.19
2023-10-09,17.7,19.54,19.6,17.56
2023-10-10,17.03,17.7,17.86,16.51
2023-10-11,16.09,16.95,17.78,16.09
2023-10-12,16.69,16.08,18.08,15.44
2023-10-13,19.32,16.53,20.78,16.5
2023-10-16,17.21,19.1,19.57,17.14
2023-10-17,17.88,17.41,18.54,16.97
2023-10-18,19.22,18.36,20.15,17.88
2023-10-19,21.4,19.73,21.4,18.55
2023-10-20,21.71,21.59,21.83,20.42
2023-10-23,20.37,21.83,23.08,19.48
2023-10-24,18.97,20.03,20.24,18.65
2023-10-25,20.19,19.39,21.24,18.86
2023-10-26,20.68,21.78,21.96,20.22
2023-10-27,21.27,20.39,22.07,19.72
2023-10-30,19.75,21.13,21.16,19.55
2023-10-31,18.14,19.86,19.86,17.97
2023-11-01,16.87,18.02,18.42,16.63
2023-11-02,15.66,16.59,16.62,15.58
2023-11-03,14.91,15.7,15.83,14.91
2023-11-06,14.89,15.39,15.58,14.84
2023-11-07,14.81,15.1,15.17,14.71
2023-11-08,14.45,14.91,15.09,14.3
2023-11-09,15.29,14.61,15.57,14.13
2023-11-10,14.17,15.09,15.45,14.16
2023-11-13,14.76,15.16,15.19,14.58
2023-11-14,14.16,14.83,14.86,13.91
2023-11-15,14.18,14.21,14.35,13.97
2023-11-16,14.32,14.12,14.42,13.68
2023-11-17,13.8,14.18,14.19,13.67
2023-11-20,13.41,14.26,14.31,13.39
2023-11-21,13.35,13.45,14.31,13.13
2023-11-22,12.85,13.08,13.25,12.82
2023-11-23,12.8,12.84,12.87,12.75
2023-11-24,12.46,13.03,13.17,12.45
2023-11-27,12.69,13.14,13.28,12.64
2023-11-28,12.69,12.78,14.3,12.56
2023-11-29,12.98,12.71,13.1,12.48
2023-11-30,12.92,13.07,13.39,12.82
2023-12-01,12.63,12.94,12.96,12.48
2023-12-04,13.08,13.28,13.7,12.98
2023-12-05,12.85,13.26,13.76,12.81
2023-12-06,12.97,12.78,13.03,12.64
2023-12-07,13.06,13.17,13.28,12.95
2023-12-08,12.35,13.14,13.24,12.35
2023-12-11,12.63,13.05,13.14,12.61
2023-12-12,12.07,12.69,12.74,11.81
2023-12-13,12.19,12.2,12.46,11.82
2023-12-14,12.48,11.96,12.74,11.84
2023-12-15,12.28,12.12,12.54,12.01
2023-12-18,12.56,12.62,12.64,12.4
2023-12-19,12.53,12.6,12.6,12.33
2023-12-20,13.67,12.63,13.93,12.29
2023-12-21,13.65,13.4,14.49,13.34
2023-12-22,13.03,13.72,13.96,13.0
2023-12-26,12.99,13.77,13.8,12.96
2023-12-27,12.43,13.02,13.04,12.37
2023-12-28,12.47,12.44,12.65,12.38
2023-12-29,12.45,12.55,13.19,12.36
2024-01-02,13.2,13.22,14.23,13.1
2024-01-03,14.04,13.35,14.22,13.33
2024-01-04,14.13,13.93,14.2,13.64
2024-01-05,13.35,14.24,14.58,13.29
2024-01-08,13.08,14.0,14.18,13.02
2024-01-09,12.76,13.2,13.45,12.74
2024-01-10,12.69,12.86,12.95,12.67
2024-01-11,12.44,12.64,13.31,12.35
2024-01-12,12.7,12.66,13.08,12.47
2024-01-15,13.25,13.23,13.34,13.2
2024-01-16,13.84,14.12,14.35,13.52
2024-01-17,14.79,14.59,15.4,14.38
2024-01-18,14.13,14.85,14.89,13.89
2024-01-19,13.3,13.8,14.58,13.28
2024-01-22,13.19,13.77,13.84,13.17
2024-01-23,12.55,13.2,13.29,12.53
2024-01-24,13.14,12.66,13.18,12.41
2024-01-25,13.45,13.18,13.58,13.06
2024-01-26,13.26,13.73,14.1,13.2
2024-01-29,13.6,13.98,15.35,13.59
2024-01-30,13.31,13.69,13.74,13.23
2024-01-31,14.35,13.42,14.61,13.18
2024-02-01,13.88,14.21,14.63,13.87
2024-02-02,13.85,13.95,14.23,13.39
2024-02-05,13.67,14.37,14.53,13.58
2024-02-06,13.06,13.57,13.78,12.98
2024-02-07,12.83,13.06,13.13,12.81
2024-02-08,12.79,12.95,13.17,12.74
2024-02-09,12.93,12.79,13.01,12.69
2024-02-12,13.93,13.48,13.94,13.34
2024-02-13,15.85,13.96,17.94,13.43
2024-02-14,14.38,15.38,15.47,14.22
2024-02-15,14.01,14.27,14.64,13.94
2024-02-16,14.24,13.94,14.71,13.75
2024-02-19,14.71,14.72,14.78,14.65
2024-02-20,15.42,15.09,15.91,15.07
2024-02-21,15.34,15.54,16.12,15.22
2024-02-22,14.54,14.28,14.64,14.12
2024-02-23,13.75,14.31,14.31,13.64
2024-02-26,13.74,14.17,14.2,13.66
2024-02-27,13.43,13.63,13.75,13.41
2024-02-28,13.84,13.52,13.9,13.44
2024-02-29,13.4,14.14,14.15,13.3
2024-03-01,13.11,13.34,13.66,13.08
2024-03-04,13.49,13.49,13.58,13.32
2024-03-05,14.46,13.75,15.1,13.75
2024-03-06,14.5,14.27,14.93,13.89
2024-03-07,14.44,14.98,14.98,14.25
2024-03-08,14.74,14.22,15.53,13.97
2024-03-11,15.22,15.51,16.04,15.13
2024-03-12,13.84,14.97,15.2,13.81
2024-03-13,13.75,13.89,14.04,13.67
2024-03-14,14.4,13.62,15.33,13.42
2024-03-15,14.41,14.33,15.53,14.14
2024-03-18,14.33,14.75,14.85,14.26
2024-03-19,13.82,14.5,14.86,13.8
2024-03-20,13.04,13.83,14.17,13.01
2024-03-21,12.92,12.98,13.08,12.4
2024-03-22,13.06,12.92,13.15,12.58
2024-03-25,13.19,13.67,13.67,13.11
2024-03-26,13.24,13.12,13.43,12.84
2024-03-27,12.78,13.13,13.34,12.66
2024-03-28,13.01,12.93,13.1,12.84
2024-04-01,13.65,13.61,14.15,13.55
2024-04-02,14.61,13.74,15.43,13.68
2024-04-03,14.33,15.0,15.18,14.25
2024-04-04,16.35,14.29,16.92,13.74
2024-04-05,16.03,16.45,16.75,15.53
2024-04-08,15.19,16.24,16.5,15.11
2024-04-09,14.98,15.34,16.63,14.94
2024-04-10,15.8,15.24,16.62,14.59
2024-04-11,14.91,16.02,17.61,14.91
2024-04-12,17.31,14.91,19.2,14.91
2024-04-15,19.23,16.94,19.46,16.26
2024-04-16,18.4,19.49,19.56,17.64
2024-04-17,18.21,18.24,19.11,17.54
2024-04-18,18.0,17.91,18.37,17.21
2024-04-19,18.71,21.33,21.36,18.17
2024-04-22,16.94,18.59,18.72,16.69
2024-04-23,15.69,16.72,16.76,15.69
2024-04-24,15.97,15.76,16.38,15.58
2024-04-25,15.37,16.25,17.55,15.27
2024-04-26,15.03,15.49,16.06,14.92
2024-04-29,14.67,15.37,15.42,14.63
2024-04-30,15.65,14.82,15.9,14.67
2024-05-01,15.39,15.75,16.22,14.35
2024-05-02,14.68,15.14,16.09,14.6
2024-05-03,13.49,14.51,14.58,13.48
2024-05-06,13.49,13.98,14.02,13.44
2024-05-07,13.23,13.52,13.64,13.16
2024-05-08,13.0,13.24,13.51,12.94
2024-05-09,12.69,13.08,13.29,12.68
2024-05-10,12.55,12.77,12.96,12.5
2024-05-13,13.6,13.26,13.66,13.25
2024-05-14,13.42,13.71,14.03,13.27
2024-05-15,12.45,13.73,13.94,12.38
2024-05-16,12.42,12.52,12.67,12.33
2024-05-17,11.99,12.28,12.48,11.91
2024-05-20,12.15,12.27,12.59,12.07
2024-05-21,11.86,12.3,12.56,11.84
2024-05-22,12.29,12.05,12.81,11.78
2024-05-23,12.77,11.53,13.37,11.52
2024-05-24,11.93,12.86,12.89,11.89
2024-05-27,12.36,12.41,12.49,12.35
2024-05-28,12.92,12.51,13.44,12.36
2024-05-29,14.28,13.75,14.32,13.69
2024-05-30,14.47,14.82,14.88,13.67
2024-05-31,12.92,14.5,14.87,12.84
2024-06-03,13.11,13.08,14.31,13.0
2024-06-04,13.16,13.51,14.08,13.11
2024-06-05,12.63,13.14,13.25,12.6
2024-06-06,12.58,12.75,12.98,12.54
2024-06-07,12.22,12.69,13.08,12.11
2024-06-10,12.74,13.09,13.28,12.62
2024-06-11,12.85,12.85,13.47,12.78
2024-06-12,12.04,13.1,13.15,11.94
2024-06-13,11.94,12.05,12.68,11.88
2024-06-14,12.66,12.22,13.45,12.12
2024-06-17,12.75,13.07,13.29,12.5
2024-06-18,12.3,12.7,12.74,12.24
2024-06-19,12.48,12.32,12.55,12.32
2024-06-20,13.28,12.5,13.55,12.18
2024-06-21,13.2,13.22,13.78,12.99
2024-06-24,13.33,13.85,13.88,13.15
2024-06-25,12.84,13.48,13.52,12.84
2024-06-26,12.55,12.81,13.24,12.37
2024-06-27,12.24,12.69,12.77,12.21
2024-06-28,12.44,12.24,12.76,11.87
2024-07-01,12.22,12.98,13.26,12.1
2024-07-02,12.03,12.67,12.88,11.85
2024-07-03,12.09,12.13,12.23,11.95
2024-07-04,12.26,12.1,12.35,12.09
2024-07-05,12.48,12.37,12.61,11.84
2024-07-08,12.37,12.91,12.91,12.31
2024-07-09,12.51,12.48,12.61,12.35
2024-07-10,12.85,12.51,12.92,12.39
2024-07-11,12.92,12.88,13.33,12.23
2024-07-12,12.46,12.87,12.89,12.11
2024-07-15,13.12,12.78,13.26,12.75
2024-07-16,13.19,13.38,13.47,12.95
2024-07-17,14.48,13.6,14.88,13.54
2024-07-18,15.93,14.27,16.43,14.08
2024-07-19,16.52,16.44,17.19,10.62
2024-07-22,14.91,16.79,16.89,14.75
2024-07-23,14.72,15.21,15.35,13.9
2024-07-24,18.04,15.35,18.46,15.18
2024-07-25,18.46,18.41,19.36,16.42
2024-07-26,16.39,17.97,18.05,16.37
2024-07-29,16.6,16.59,17.21,16.23
2024-07-30,17.69,16.64,18.32,16.26
2024-07-31,16.36,16.66,16.77,15.71
2024-08-01,18.59,16.2,19.48,15.95
2024-08-02,23.39,20.52,29.66,20.01
2024-08-05,38.57,23.39,65.73,23.39
2024-08-06,27.71,33.71,34.77,24.02
2024-08-07,27.85,24.77,29.76,21.97
2024-08-08,23.79,28.34,29.47,23.36
2024-08-09,20.37,23.78,24.52,20.26
2024-08-12,20.71,20.79,21.19,18.89
2024-08-13,18.12,20.06,20.79,17.95
2024-08-14,16.19,18.41,18.49,16.12
2024-08-15,15.23,16.27,16.68,14.77
2024-08-16,14.8,15.29,15.76,14.65
2024-08-19,14.65,15.94,16.07,14.46
2024-08-20,15.88,14.89,15.93,14.78
2024-08-21,16.27,16.25,17.17,15.92
2024-08-22,17.55,16.27,18.06,15.76
2024-08-23,15.86,17.12,17.21,15.61
2024-08-26,16.15,16.27,16.67,15.81
2024-08-27,15.43,16.21,16.81,15.37
2024-08-28,17.11,15.51,17.89,15.46
2024-08-29,15.65,16.54,16.57,15.19
2024-08-30,15.0,15.67,16.04,14.78
2024-09-02,15.55,15.87,15.99,15.48
2024-09-03,20.72,15.76,21.99,15.71
2024-09-04,21.32,23.2,23.31,19.34
2024-09-05,19.9,20.75,21.53,19.21
2024-09-06,22.38,21.98,23.76,18.83
2024-09-09,19.45,21.32,21.41,19.29
2024-09-10,19.08,19.86,20.74,18.9
2024-09-11,17.69,19.41,21.41,17.55
2024-09-12,17.07,17.62,18.59,16.89
2024-09-13,16.56,17.03,17.18,16.23
2024-09-16,17.14,17.16,17.69,16.91
2024-09-17,17.61,17.16,18.08,16.67
2024-09-18,18.23,17.58,19.39,17.11
2024-09-19,16.33,17.21,17.27,16.21
2024-09-20,16.15,16.35,16.68,15.81
2024-09-23,15.89,16.71,16.95,15.75
2024-09-24,15.39,15.87,16.67,15.27
2024-09-25,15.41,15.82,15.82,15.17
2024-09-26,15.37,15.06,15.83,14.9
2024-09-27,16.96,15.64,16.97,15.2
2024-09-30,16.73,17.01,17.79,16.47
2024-10-01,19.26,16.96,20.73,16.61
2024-10-02,18.9,19.65,20.36,18.58
2024-10-03,20.49,19.63,20.75,19.16
2024-10-04,19.21,20.48,20.48,18.48
2024-10-07,22.64,20.76,23.03,20.65
2024-10-08,21.42,22.92,23.14,21.14
2024-10-09,20.86,21.98,22.01,20.71
2024-10-10,20.93,20.91,21.39,20.64
2024-10-11,20.46,20.87,21.16,20.14
2024-10-14,19.7,20.86,20.86,19.69
2024-10-15,20.64,19.61,20.89,19.44
2024-10-16,19.58,20.77,21.01,19.45
2024-10-17,19.11,19.55,19.65,18.88
2024-10-18,18.03,19.3,19.32,17.99
2024-10-21,18.37,18.78,19.34,18.36
2024-10-22,18.2,18.79,19.44,18.05
2024-10-23,19.24,18.21,20.47,18.18
2024-10-24,19.08,18.87,20.24,18.63
2024-10-25,20.33,19.22,20.51,18.23
2024-10-28,19.8,19.11,19.88,18.91
2024-10-29,19.34,19.75,20.53,19.06
2024-10-30,20.35,19.33,20.44,19.3
2024-10-31,23.16,21.44,23.42,21.12
2024-11-01,21.88,22.96,23.09,21.16
2024-11-04,21.98,22.5,23.07,21.73
2024-11-05,20.49,21.98,22.06,20.2
2024-11-06,16.27,16.06,16.82,15.44
2024-11-07,15.2,15.86,15.86,15.13
2024-11-08,14.94,15.13,15.33,14.66
2024-11-11,14.97,15.33,15.56,14.89
2024-11-12,14.71,15.09,15.37,14.69
2024-11-13,14.02,15.09,15.26,13.77
2024-11-14,14.31,14.17,14.32,13.59
2024-11-15,16.14,15.02,17.55,14.56
2024-11-18,15.58,16.6,17.0,15.35
2024-11-19,16.35,15.44,17.93,15.37
2024-11-20,17.16,16.19,18.79,16.04
2024-11-21,16.87,17.1,17.99,15.73
2024-11-22,15.24,16.67,17.56,15.24
2024-11-25,14.6,15.23,15.72,14.54
2024-11-26,14.1,14.95,15.03,13.88
2024-11-27,14.1,14.28,15.13,13.96
2024-11-28,13.9,14.07,14.07,13.87
2024-11-29,13.51,14.0,14.15,13.49
2024-12-02,13.34,14.08,14.1,13.3
2024-12-03,13.3,13.38,13.77,13.19
2024-12-04,13.45,13.16,13.61,12.89
2024-12-05,13.54,13.46,13.7,13.26
2024-12-06,12.77,13.62,13.74,12.7
2024-12-09,14.19,13.36,14.23,13.35
2024-12-10,14.18,14.3,14.54,13.86
2024-12-11,13.58,14.42,14.43,13.52
2024-12-12,13.92,13.73,13.95,13.39
2024-12-13,13.81,13.57,14.25,13.24
2024-12-16,14.69,14.37,14.69,13.99
2024-12-17,15.87,14.98,15.94,14.78
2024-12-18,27.62,15.57,28.32,14.82
2024-12-19,24.09,21.61,24.12,20.16
2024-12-20,18.36,24.14,26.51,17.82
2024-12-23,16.78,18.09,20.02,16.74
2024-12-24,14.27,16.97,17.04,14.27
2024-12-26,14.73,14.99,15.93,14.55
2024-12-27,15.95,15.38,18.45,15.29
2024-12-30,17.4,17.21,19.22,16.44
2024-12-31,17.35,17.39,17.81,16.68
2025-01-02,17.93,17.21,19.5,16.96
2025-01-03,16.13,17.66,17.94,16.11
2025-01-06,16.04,16.77,16.87,15.71
2025-01-07,17.82,16.48,18.9,15.79
2025-01-08,17.7,17.91,19.5,17.37
2025-01-09,18.07,18.51,18.52,17.95
2025-01-10,19.54,18.29,20.31,18.05
2025-01-13,19.19,21.18,22.04,19.15
2025-01-14,18.71,18.79,19.66,18.24
2025-01-15,16.12,19.08,19.14,15.96
2025-01-16,16.6,15.87,16.6,15.64
2025-01-17,15.97,16.19,16.23,15.53
2025-01-20,15.81,16.46,16.59,15.8
2025-01-21,15.06,16.29,16.29,14.93
2025-01-22,15.1,14.89,15.29,14.59
2025-01-23,15.02,15.28,15.39,14.59
2025-01-24,14.85,15.02,15.16,14.58
2025-01-27,17.9,18.83,22.51,17.57
2025-01-28,16.41,18.29,18.39,16.25
2025-01-29,16.56,16.42,18.08,16.17
2025-01-30,15.84,15.93,16.42,15.32
2025-01-31,16.43,15.45,17.09,14.9
2025-02-03,18.62,20.36,20.42,17.66
2025-02-04,17.21,18.78,19.11,16.78
2025-02-05,15.77,17.54,17.75,15.77
2025-02-06,15.5,15.88,16.15,14.99
2025-02-07,16.54,15.38,16.66,14.79
2025-02-10,15.81,16.58,16.61,15.7
2025-02-11,16.02,16.13,16.42,15.75
2025-02-12,15.89,15.91,17.18,15.64
2025-02-13,15.1,15.97,16.33,14.98
2025-02-14,14.77,15.08,15.42,14.74
2025-02-17,15.37,15.38,15.57,15.34
2025-02-18,15.35,15.57,16.03,15.35
2025-02-19,15.27,15.14,15.96,15.05
2025-02-20,15.66,15.61,16.63,15.12
2025-02-21,18.21,15.63,19.03,15.28
2025-02-24,18.98,18.08,20.24,17.31
2025-02-25,19.43,19.09,21.48,18.85
2025-02-26,19.1,18.96,20.06,17.83
2025-02-27,21.13,18.25,21.47,17.67
2025-02-28,19.63,21.21,22.4,19.05
2025-03-03,22.78,19.83,24.31,19.25
2025-03-04,23.51,22.96,26.35,21.71
2025-03-05,21.93,23.03,24.84,21.37
2025-03-06,24.87,22.6,25.92,22.39
2025-03-07,23.37,24.85,26.56,23.09
2025-03-10,27.86,24.7,29.56,24.68
2025-03-11,26.92,27.94,29.57,26.18
2025-03-12,24.23,26.88,26.91,23.89
2025-03-13,24.66,24.92,26.13,23.46
2025-03-14,21.77,24.35,24.36,21.48
2025-03-17,20.51,22.89,22.95,20.32
2025-03-18,21.7,20.83,22.57,20.41
2025-03-19,19.9,21.84,22.1,19.42
2025-03-20,19.8,19.52,21.17,19.3
2025-03-21,19.28,20.02,21.14,19.15
2025-03-24,17.48,19.13,19.14,17.46
2025-03-25,17.15,17.58,17.77,17.02
2025-03-26,18.33,17.23,19.07,16.97
2025-03-27,18.69,18.36,19.28,17.95
2025-03-28,21.65,19.08,22.18,18.92
2025-03-31,22.28,24.11,24.8,21.67
2025-04-01,21.77,22.06,23.52,21.58
2025-04-02,21.51,22.3,23.66,20.68
2025-04-03,30.02,26.38,30.02,24.93
2025-04-04,45.31,30.12,45.61,29.99
2025-04-07,46.98,60.13,60.13,38.58
2025-04-08,52.33,44.04,57.52,36.48
2025-04-09,33.62,50.98,57.96,31.9
2025-04-10,40.72,34.44,54.87,34.44
2025-04-11,37.56,40.8,46.12,36.85
2025-04-14,30.89,34.76,35.17,29.75
2025-04-15,30.12,30.01,31.45,28.29
2025-04-16,32.64,33.24,34.96,29.48
2025-04-17,29.65,30.79,32.55,29.57
2025-04-21,33.82,32.75,35.75,31.79
2025-04-22,30.57,32.61,32.68,30.08
2025-04-23,28.45,28.75,30.29,27.11
2025-04-24,26.47,28.69,29.66,26.36
2025-04-25,24.84,26.22,27.2,24.84
2025-04-28,25.15,25.75,26.93,24.7
2025-04-29,24.17,24.76,25.99,23.76
2025-04-30,24.7,24.35,28.17,24.23
2025-05-01,24.6,23.94,25.18,23.3
2025-05-02,22.68,23.63,24.32,22.34
2025-05-05,23.64,24.25,24.63,22.81
2025-05-06,24.76,23.97,25.11,23.9
2025-05-07,23.55,24.56,25.62,23.29
2025-05-08,22.48,22.84,23.61,21.88
2025-05-09,21.9,22.4,22.82,21.83
2025-05-12,18.39,19.84,20.44,18.14
2025-05-13,18.22,18.69,18.85,17.65
2025-05-14,18.62,18.1,18.82,18.06
2025-05-15,17.83,19.19,19.38,17.77
2025-05-16,17.24,17.96,17.96,17.15
2025-05-19,18.14,19.84,19.92,17.92
2025-05-20,18.09,18.46,18.68,17.7
2025-05-21,20.87,18.77,21.05,17.77
2025-05-22,20.28,20.62,22.07,19.64
2025-05-23,22.29,20.14,25.53,19.83
2025-05-26,20.57,20.75,20.83,20.3
2025-05-27,18.96,20.63,21.01,18.95
2025-05-28,19.31,19.21,19.43,18.68
2025-05-29,19.18,18.25,20.2,18.11
2025-05-30,18.57,19.61,20.55,18.57
2025-06-02,18.36,19.81,20.45,18.36
2025-06-03,17.69,18.83,19.21,17.64
2025-06-04,17.61,17.68,18.07,17.41
2025-06-05,18.48,17.68,18.8,17.08
2025-06-06,16.77,18.16,18.35,16.65
2025-06-09,17.16,17.69,17.72,16.82
2025-06-10,16.95,17.5,17.99,16.68
2025-06-11,17.26,17.04,18.09,16.23
2025-06-12,18.02,17.87,18.87,17.43
2025-06-13,20.82,21.76,22.0,18.88
2025-06-16,19.11,19.78,20.22,18.67
2025-06-17,21.6,20.53,21.79,19.55
2025-06-18,20.14,20.9,21.58,19.59
2025-06-19,22.17,21.51,22.75,21.18
2025-06-20,20.62,20.74,21.07,19.11
2025-06-23,19.83,21.15,22.51,19.82
2025-06-24,17.48,18.19,18.72,17.33
2025-06-25,16.76,17.28,17.51,16.68
2025-06-26,16.59,16.67,16.78,16.11
2025-06-27,16.32,16.31,17.29,16.12
2025-06-30,16.73,17.19,17.43,16.55
2025-07-01,16.83,16.98,17.48,16.51
2025-07-02,16.64,16.75,17.37,16.54
2025-07-03,16.38,16.65,16.83,16.14
2025-07-04,17.48,16.93,17.67,16.92
2025-07-07,17.79,17.83,18.5,17.51
2025-07-08,16.81,17.41,17.44,16.54
2025-07-09,15.94,16.76,16.76,15.76
2025-07-10,15.78,16.23,16.24,15.7
2025-07-11,16.4,16.41,17.24,15.98
2025-07-14,17.2,17.73,17.85,16.91
2025-07-15,17.38,16.89,17.39,16.56
2025-07-16,17.16,17.66,19.48,16.69
2025-07-17,16.52,17.16,17.37,16.48
2025-07-18,16.41,16.43,16.81,16.28
2025-07-21,16.65,16.87,16.99,16.3
2025-07-22,16.5,16.75,17.48,16.43
2025-07-23,15.37,16.23,16.32,15.32
2025-07-24,15.39,15.39,15.54,14.95
2025-07-25,14.93,15.33,15.39,14.92
2025-07-28,15.03,15.15,15.54,15.0
2025-07-29,15.98,14.95,16.12,14.7
2025-07-30,15.48,15.87,17.27,15.44
2025-07-31,16.72,14.99,17.17,14.74
2025-08-01,20.38,17.4,21.9,17.39
2025-08-04,17.52,19.56,19.58,17.48
2025-08-05,17.85,17.21,18.94,17.11
2025-08-06,16.77,17.22,17.88,16.56
2025-08-07,16.57,16.41,17.64,15.98
2025-08-08,15.15,16.48,16.52,15.15
2025-08-11,16.25,15.81,16.36,15.52
2025-08-12,14.73,16.09,16.56,14.66
2025-08-13,14.49,14.62,14.81,14.3
2025-08-14,14.83,14.66,15.39,14.57
2025-08-15,15.09,14.43,15.18,14.4
2025-08-18,14.99,15.73,15.95,14.95
2025-08-19,15.57,15.23,15.91,14.76
2025-08-20,15.69,15.95,17.19,15.57
2025-08-21,16.6,15.72,17.24,15.65
2025-08-22,14.22,16.81,16.83,14.21
2025-08-25,14.79,15.05,15.19,14.24
2025-08-26,14.62,15.75,15.75,14.62
2025-08-27,14.85,14.66,15.23,14.66
2025-08-28,14.43,14.42,14.69,14.12
2025-08-29,15.36,14.31,15.97,14.31
2025-09-01,16.12,16.17,16.79,15.08
2025-09-02,17.17,16.65,19.38,16.55
2025-09-03,16.35,17.4,17.57,16.34
2025-09-04,15.3,16.22,16.35,15.28
2025-09-05,15.18,15.23,16.92,14.74
2025-09-08,15.11,15.58,15.65,14.99
2025-09-09,15.04,15.02,15.82,14.97
2025-09-10,15.35,14.98,15.63,14.63
2025-09-11,14.71,15.19,15.24,14.65
2025-09-12,14.76,14.62,14.97,14.41
2025-09-15,15.69,15.14,15.84,14.92
2025-09-16,16.36,15.6,16.38,15.44
2025-09-17,15.72,16.42,16.75,15.26
2025-09-18,15.7,14.93,15.8,14.33
2025-09-19,15.45,15.76,16.13,15.29
2025-09-22,16.1,16.14,16.35,15.78
2025-09-23,16.64,16.1,17.07,15.95
2025-09-24,16.18,16.57,17.21,16.18
2025-09-25,16.74,16.55,17.74,16.32
2025-09-26,15.29,16.89,17.05,15.29
2025-09-29,16.12,15.84,16.29,15.74
2025-09-30,16.28,16.49,16.7,16.02
2025-10-01,16.29,17.28,17.28,15.98
2025-10-02,16.63,16.12,16.92,15.93
2025-10-03,16.65,16.35,17.06,16.2
2025-10-06,16.37,16.74,17.09,16.29
2025-10-07,17.24,16.58,17.55,16.19
2025-10-08,16.3,17.17,17.2,16.23
2025-10-09,16.43,16.31,17.27,16.26
2025-10-10,21.66,16.36,22.44,16.23
2025-10-13,19.03,19.45,20.77,18.61
2025-10-14,20.81,21.46,22.94,19.18
2025-10-15,20.64,20.02,22.44,19.11
2025-10-16,25.31,20.49,25.43,19.85
2025-10-17,20.78,28.41,28.99,20.73
2025-10-20,18.23,20.53,21.02,18.23
2025-10-21,17.87,18.65,18.89,17.4
2025-10-22,18.6,17.84,21.01,17.73
2025-10-23,17.3,18.36,19.35,17.08
2025-10-24,16.37,17.02,17.22,16.02
2025-10-27,15.79,15.73,16.07,15.62
2025-10-28,16.42,15.95,16.55,15.66
2025-10-29,16.92,16.34,17.58,16.26
2025-10-30,16.91,16.26,17.41,15.73
2025-10-31,17.44,16.43,18.54,15.96
2025-11-03,17.17,18.06,18.83,17.0
2025-11-04,19.0,19.73,20.48,17.9
2025-11-05,18.01,19.37,20.02,17.31
2025-11-06,19.5,18.36,20.31,17.64
2025-11-07,19.08,19.52,22.72,19.08
2025-11-10,17.6,18.58,18.82,17.6
2025-11-11,17.28,17.9,18.01,17.25
2025-11-12,17.51,17.21,18.06,17.1
2025-11-13,20.0,17.61,21.31,17.51
2025-11-14,19.83,21.33,23.03,19.56
2025-11-17,22.38,19.58,23.44,19.54
2025-11-18,24.69,23.54,25.84,22.91
2025-11-19,23.66,24.52,24.79,21.93
2025-11-20,26.42,20.78,28.27,19.28
2025-11-21,23.43,25.97,27.84,22.54
2025-11-24,20.52,22.69,23.68,20.41
2025-11-25,18.56,20.55,21.77,18.39
2025-11-26,17.19,18.25,18.7,16.93
2025-11-27,17.21,17.22,17.36,17.05
2025-11-28,16.35,17.41,18.52,15.78
2025-12-01,17.24,18.05,18.33,16.58
2025-12-02,16.59,17.28,17.31,16.39
2025-12-03,16.08,16.43,17.28,15.93
2025-12-04,15.78,16.23,16.63,15.68
2025-12-05,15.41,15.58,16.18,15.28
2025-12-08,16.66,16.15,17.09,16.1
2025-12-09,16.93,16.66,17.2,16.45
2025-12-10,15.77,16.94,17.66,15.56
2025-12-11,14.85,16.84,16.88,14.85
2025-12-12,15.74,14.99,17.85,14.85
2025-12-15,16.5,16.51,17.35,15.99
2025-12-16,16.48,17.28,17.61,16.19
2025-12-17,17.62,16.45,18.0,15.82
2025-12-18,16.87,17.61,17.68,15.93
2025-12-19,14.91,16.31,16.53,14.91
2025-12-22,14.08,15.16,15.26,14.03
2025-12-23,14.0,14.09,14.45,13.64
2025-12-24,13.47,14.09,14.16,13.38
2025-12-26,13.6,14.12,14.29,13.52
2025-12-29,14.2,14.69,15.08,13.99
2025-12-30,14.33,14.43,14.62,14.04
2025-12-31,14.95,14.77,15.17,14.38
2026-01-02,14.51,14.85,15.42,14.46
2026-01-05,14.9,15.14,15.27,14.65
2026-01-06,14.75,15.0,15.21,14.63
2026-01-07,15.38,14.95,15.48,14.83
2026-01-08,15.45,15.69,15.85,15.15
2026-01-09,14.49,15.68,15.81,14.43
2026-01-12,15.12,16.06,16.66,15.03
2026-01-13,15.98,15.36,16.5,14.75
2026-01-14,16.75,16.33,18.1,16.22
2026-01-15,15.84,16.52,16.54,15.3
2026-01-16,15.86,15.44,16.29,15.3
2026-01-19,18.84,18.63,19.59,18.28
2026-01-20,20.09,19.94,20.99,18.64
2026-01-21,16.9,19.31,20.81,16.67
2026-01-22,15.64,16.65,16.67,15.27
2026-01-23,16.09,15.68,16.21,15.3
2026-01-26,16.15,16.9,17.39,15.8
2026-01-27,16.35,16.02,16.37,15.74
2026-01-28,16.35,16.09,17.18,16.05
2026-01-29,16.88,16.04,19.74,16.02
2026-01-30,17.44,18.72,19.27,16.67
2026-02-02,16.34,19.95,19.96,16.08
2026-02-03,18.0,16.16,20.37,16.05
2026-02-04,18.64,17.63,21.24,17.47
2026-02-05,21.77,19.24,23.1,19.06
2026-02-06,17.76,21.24,21.49,17.27
2026-02-09,17.36,17.95,19.2,16.9
2026-02-10,17.79,17.47,17.97,17.14
2026-02-11,17.65,17.87,18.96,16.75
2026-02-12,20.82,17.44,21.21,17.08
2026-02-13,20.6,21.48,22.4,18.92
2026-02-16,21.2,20.73,21.62,20.37
2026-02-17,20.29,21.74,22.96,19.76
2026-02-18,19.62,19.78,20.34,18.48
2026-02-19,20.23,19.34,21.11,19.23
2026-02-20,19.09,20.04,21.21,18.76
2026-02-23,21.01,20.49,22.04,19.5
2026-02-24,19.55,21.24,22.08,19.23
2026-02-25,17.93,19.59,19.62,17.86
2026-02-26,18.63,18.07,20.54,17.5
2026-02-27,19.86,19.28,21.74,18.77
2026-03-02,21.44,24.66,25.24,20.37
2026-03-03,23.57,24.57,28.15,22.18
2026-03-04,21.15,24.39,24.87,20.4
2026-03-05,23.75,22.11,25.84,20.55
2026-03-06,29.49,23.2,29.93,22.92
2026-03-09,25.5,35.12,35.3,24.76
2026-03-10,24.93,24.39,26.01,22.19
2026-03-11,24.23,24.9,26.23,23.75
2026-03-12,27.29,25.48,27.33,24.6
2026-03-13,27.19,27.85,28.47,24.67
2026-03-16,23.51,25.88,26.42,23.23
2026-03-17,22.37,24.56,24.58,21.87
2026-03-18,25.09,21.51,25.13,21.47
2026-03-19,24.06,25.6,27.52,23.54
2026-03-20,26.78,24.46,29.28,23.68
2026-03-23,26.15,30.04,31.04,20.28
2026-03-24,26.95,25.91,27.94,25.64
2026-03-25,25.33,25.79,26.67,24.82
2026-03-26,27.44,26.49,28.49,26.12
2026-03-27,31.05,27.54,31.65,27.54
2026-03-30,30.61,30.79,31.52,29.33
2026-03-31,25.25,29.53,29.64,25.08
2026-04-01,24.54,24.3,25.35,23.5
2026-04-02,23.87,26.78,27.89,23.87
2026-04-06,24.17,24.93,25.3,23.78
2026-04-07,25.78,25.09,28.0,24.34
2026-04-08,21.04,20.97,22.17,19.91
2026-04-09,19.49,21.25,21.63,19.45
2026-04-10,19.23,19.71,20.28,18.83
2026-04-13,19.12,21.17,21.58,18.96
2026-04-14,18.36,18.73,18.76,17.89
2026-04-15,18.17,18.18,18.5,17.4
2026-04-16,17.94,18.04,19.09,17.76
2026-04-17,17.48,18.18,18.24,16.87
2026-04-20,18.87,19.58,19.99,18.77
2026-04-21,19.5,19.18,20.85,18.75
2026-04-22,18.92,19.03,19.54,18.68
2026-04-23,19.31,19.42,21.56,18.7
2026-04-24,18.71,18.89,19.35,18.46
2026-04-27,18.02,19.21,19.27,18.02
2026-04-28,17.83,18.3,19.43,17.78
2026-04-29,18.81,17.83,19.0,17.81
2026-04-30,16.89,18.68,18.73,16.87
2026-05-01,16.99,17.01,17.39,16.44
2026-05-04,18.29,17.38,19.08,17.15
2026-05-05,17.38,17.95,18.02,17.2
2026-05-06,17.39,17.15,17.46,16.18
2026-05-07,17.08,17.53,17.6,16.85
